FREQ,FREQ_LABEL,REF_AREA,REF_AREA_LABEL,INDICATOR,INDICATOR_LABEL,UNIT_MEASURE,UNIT_MEASURE_LABEL,DATABASE_ID,DATABASE_ID_LABEL,UNIT_MULT,UNIT_MULT_LABEL,OBS_STATUS,OBS_STATUS_LABEL,OBS_CONF,OBS_CONF_LABEL,1970,1971,1972,1973,1974,1975,1976,1977,1978,1979,1980,1981,1982,1983,1984,1985,1986,1987,1988,1989,1990,1991,1992,1993,1994,1995,1996,1997,1998,1999,2000,2001,2002,2003,2004,2005,2006,2007,2008,2009,2010,2011,2012,2013,2014,2015,2016,2017,2018,2019,2020,2021,2022,2023
A,Annual,AFG,Afghanistan,WB_GS_SG_LAW_INDX_WP,"Women, Business and the Law: Workplace Indicator Score (scale 1-100)",COUNT,Count,WB_GS,Gender Statistics,0,Units,A,Normal value,PU,Public,25.0,25.0,25.0,25.0,25.0,25.0,25.0,25.0,25.0,25.0,25.0,25.0,25.0,25.0,25.0,25.0,25.0,25.0,25.0,25.0,25.0,25.0,25.0,25.0,25.0,25.0,25.0,25.0,25.0,25.0,25.0,25.0,25.0,25.0,25.0,25.0,25.0,25.0,25.0,25.0,25.0,25.0,25.0,25.0,25.0,25.0,75.0,75.0,75.0,75.0,75.0,75.0,50.0,50.0
A,Annual,AGO,Angola,WB_GS_SG_LAW_INDX_WP,"Women, Business and the Law: Workplace Indicator Score (scale 1-100)",COUNT,Count,WB_GS,Gender Statistics,0,Units,A,Normal value,PU,Public,0.0,0.0,0.0,0.0,0.0,0.0,0.0,0.0,0.0,0.0,0.0,0.0,0.0,0.0,0.0,0.0,0.0,0.0,25.0,25.0,25.0,25.0,25.0,25.0,25.0,25.0,25.0,25.0,25.0,25.0,50.0,50.0,50.0,50.0,50.0,50.0,50.0,50.0,50.0,50.0,50.0,50.0,50.0,50.0,50.0,50.0,50.0,50.0,50.0,50.0,50.0,100.0,100.0,100.0
A,Annual,ALB,Albania,WB_GS_SG_LAW_INDX_WP,"Women, Business and the Law: Workplace Indicator Score (scale 1-100)",COUNT,Count,WB_GS,Gender Statistics,0,Units,A,Normal value,PU,Public,25.0,25.0,25.0,25.0,25.0,25.0,25.0,25.0,25.0,25.0,25.0,25.0,25.0,25.0,25.0,25.0,25.0,25.0,25.0,25.0,25.0,25.0,25.0,25.0,25.0,25.0,100.0,100.0,100.0,100.0,100.0,100.0,100.0,100.0,100.0,100.0,100.0,100.0,100.0,100.0,100.0,100.0,100.0,100.0,100.0,100.0,100.0,100.0,100.0,100.0,100.0,100.0,100.0,100.0
A,Annual,ARE,United Arab Emirates,WB_GS_SG_LAW_INDX_WP,"Women, Business and the Law: Workplace Indicator Score (scale 1-100)",COUNT,Count,WB_GS,Gender Statistics,0,Units,A,Normal value,PU,Public,0.0,0.0,0.0,0.0,0.0,0.0,0.0,0.0,0.0,0.0,0.0,0.0,0.0,0.0,0.0,0.0,0.0,0.0,0.0,0.0,0.0,0.0,0.0,0.0,0.0,0.0,0.0,0.0,0.0,0.0,0.0,0.0,0.0,0.0,0.0,0.0,0.0,0.0,0.0,0.0,0.0,0.0,0.0,0.0,0.0,0.0,0.0,0.0,0.0,75.0,100.0,100.0,100.0,100.0
A,Annual,ARG,Argentina,WB_GS_SG_LAW_INDX_WP,"Women, Business and the Law: Workplace Indicator Score (scale 1-100)",COUNT,Count,WB_GS,Gender Statistics,0,Units,A,Normal value,PU,Public,0.0,0.0,0.0,0.0,0.0,0.0,25.0,25.0,25.0,25.0,25.0,25.0,25.0,25.0,25.0,25.0,25.0,25.0,50.0,50.0,50.0,50.0,50.0,50.0,50.0,50.0,50.0,50.0,50.0,50.0,50.0,50.0,50.0,50.0,50.0,50.0,50.0,50.0,50.0,75.0,75.0,75.0,75.0,75.0,75.0,75.0,75.0,75.0,75.0,75.0,75.0,75.0,75.0,75.0
A,Annual,ARM,Armenia,WB_GS_SG_LAW_INDX_WP,"Women, Business and the Law: Workplace Indicator Score (scale 1-100)",COUNT,Count,WB_GS,Gender Statistics,0,Units,A,Normal value,PU,Public,25.0,25.0,25.0,50.0,50.0,50.0,50.0,50.0,50.0,50.0,50.0,50.0,50.0,50.0,50.0,50.0,50.0,50.0,50.0,50.0,50.0,50.0,50.0,50.0,50.0,50.0,50.0,50.0,50.0,50.0,50.0,50.0,50.0,50.0,50.0,75.0,75.0,75.0,75.0,75.0,75.0,50.0,50.0,50.0,50.0,50.0,50.0,50.0,50.0,50.0,50.0,50.0,50.0,75.0
A,Annual,ATG,Antigua and Barbuda,WB_GS_SG_LAW_INDX_WP,"Women, Business and the Law: Workplace Indicator Score (scale 1-100)",COUNT,Count,WB_GS,Gender Statistics,0,Units,A,Normal value,PU,Public,25.0,25.0,25.0,25.0,25.0,25.0,50.0,50.0,50.0,50.0,50.0,50.0,50.0,50.0,50.0,50.0,50.0,50.0,50.0,50.0,50.0,50.0,50.0,50.0,50.0,50.0,50.0,50.0,50.0,50.0,50.0,50.0,50.0,50.0,50.0,50.0,50.0,50.0,50.0,50.0,50.0,50.0,50.0,50.0,50.0,50.0,50.0,50.0,50.0,50.0,50.0,50.0,50.0,50.0
A,Annual,AUS,Australia,WB_GS_SG_LAW_INDX_WP,"Women, Business and the Law: Workplace Indicator Score (scale 1-100)",COUNT,Count,WB_GS,Gender Statistics,0,Units,A,Normal value,PU,Public,25.0,25.0,25.0,25.0,25.0,25.0,25.0,25.0,25.0,25.0,25.0,25.0,25.0,25.0,75.0,75.0,75.0,75.0,75.0,75.0,75.0,75.0,75.0,75.0,75.0,75.0,75.0,100.0,100.0,100.0,100.0,100.0,100.0,100.0,100.0,100.0,100.0,100.0,100.0,100.0,100.0,100.0,100.0,100.0,100.0,100.0,100.0,100.0,100.0,100.0,100.0,100.0,100.0,100.0
A,Annual,AUT,Austria,WB_GS_SG_LAW_INDX_WP,"Women, Business and the Law: Workplace Indicator Score (scale 1-100)",COUNT,Count,WB_GS,Gender Statistics,0,Units,A,Normal value,PU,Public,25.0,25.0,25.0,25.0,25.0,25.0,25.0,25.0,25.0,50.0,50.0,50.0,50.0,50.0,50.0,50.0,50.0,50.0,50.0,50.0,50.0,50.0,50.0,100.0,100.0,100.0,100.0,100.0,100.0,100.0,100.0,100.0,100.0,100.0,100.0,100.0,100.0,100.0,100.0,100.0,100.0,100.0,100.0,100.0,100.0,100.0,100.0,100.0,100.0,100.0,100.0,100.0,100.0,100.0
A,Annual,AZE,Azerbaijan,WB_GS_SG_LAW_INDX_WP,"Women, Business and the Law: Workplace Indicator Score (scale 1-100)",COUNT,Count,WB_GS,Gender Statistics,0,Units,A,Normal value,PU,Public,25.0,25.0,50.0,50.0,50.0,50.0,50.0,50.0,50.0,50.0,50.0,50.0,50.0,50.0,50.0,50.0,50.0,50.0,50.0,50.0,50.0,50.0,50.0,50.0,50.0,50.0,50.0,50.0,50.0,50.0,50.0,50.0,50.0,50.0,50.0,50.0,50.0,100.0,100.0,100.0,100.0,100.0,100.0,100.0,100.0,100.0,100.0,100.0,100.0,100.0,100.0,100.0,100.0,100.0
A,Annual,BDI,Burundi,WB_GS_SG_LAW_INDX_WP,"Women, Business and the Law: Workplace Indicator Score (scale 1-100)",COUNT,Count,WB_GS,Gender Statistics,0,Units,A,Normal value,PU,Public,0.0,0.0,0.0,0.0,0.0,0.0,0.0,0.0,0.0,0.0,0.0,0.0,0.0,0.0,0.0,0.0,0.0,0.0,0.0,0.0,0.0,0.0,0.0,25.0,50.0,50.0,50.0,50.0,50.0,50.0,50.0,50.0,50.0,50.0,50.0,50.0,50.0,50.0,50.0,100.0,100.0,100.0,100.0,100.0,100.0,100.0,100.0,100.0,100.0,100.0,100.0,100.0,100.0,100.0
A,Annual,BEL,Belgium,WB_GS_SG_LAW_INDX_WP,"Women, Business and the Law: Workplace Indicator Score (scale 1-100)",COUNT,Count,WB_GS,Gender Statistics,0,Units,A,Normal value,PU,Public,0.0,0.0,0.0,0.0,0.0,0.0,0.0,25.0,25.0,25.0,25.0,25.0,25.0,25.0,25.0,25.0,25.0,25.0,25.0,25.0,25.0,25.0,25.0,25.0,25.0,25.0,25.0,25.0,25.0,50.0,50.0,50.0,50.0,100.0,100.0,100.0,100.0,100.0,100.0,100.0,100.0,100.0,100.0,100.0,100.0,100.0,100.0,100.0,100.0,100.0,100.0,100.0,100.0,100.0
A,Annual,BEN,Benin,WB_GS_SG_LAW_INDX_WP,"Women, Business and the Law: Workplace Indicator Score (scale 1-100)",COUNT,Count,WB_GS,Gender Statistics,0,Units,A,Normal value,PU,Public,0.0,0.0,0.0,0.0,0.0,0.0,0.0,0.0,0.0,0.0,0.0,0.0,0.0,0.0,0.0,0.0,0.0,0.0,0.0,0.0,0.0,0.0,0.0,0.0,0.0,0.0,0.0,0.0,25.0,25.0,25.0,25.0,25.0,25.0,25.0,50.0,50.0,100.0,100.0,100.0,100.0,100.0,100.0,100.0,100.0,100.0,100.0,100.0,100.0,100.0,100.0,100.0,100.0,100.0
A,Annual,BFA,Burkina Faso,WB_GS_SG_LAW_INDX_WP,"Women, Business and the Law: Workplace Indicator Score (scale 1-100)",COUNT,Count,WB_GS,Gender Statistics,0,Units,A,Normal value,PU,Public,0.0,0.0,0.0,0.0,0.0,0.0,0.0,0.0,0.0,0.0,0.0,0.0,0.0,0.0,0.0,0.0,0.0,0.0,0.0,0.0,25.0,25.0,25.0,50.0,50.0,50.0,50.0,50.0,50.0,50.0,50.0,50.0,50.0,50.0,50.0,100.0,100.0,100.0,100.0,100.0,100.0,100.0,100.0,100.0,100.0,100.0,100.0,100.0,100.0,100.0,100.0,100.0,100.0,100.0
A,Annual,BGD,Bangladesh,WB_GS_SG_LAW_INDX_WP,"Women, Business and the Law: Workplace Indicator Score (scale 1-100)",COUNT,Count,WB_GS,Gender Statistics,0,Units,A,Normal value,PU,Public,25.0,25.0,25.0,25.0,25.0,25.0,25.0,25.0,25.0,25.0,25.0,25.0,25.0,25.0,25.0,25.0,25.0,25.0,25.0,25.0,25.0,25.0,25.0,25.0,25.0,25.0,25.0,25.0,25.0,25.0,25.0,25.0,25.0,25.0,25.0,25.0,25.0,25.0,25.0,50.0,50.0,50.0,50.0,50.0,50.0,50.0,50.0,50.0,50.0,50.0,50.0,50.0,50.0,50.0
A,Annual,BGR,Bulgaria,WB_GS_SG_LAW_INDX_WP,"Women, Business and the Law: Workplace Indicator Score (scale 1-100)",COUNT,Count,WB_GS,Gender Statistics,0,Units,A,Normal value,PU,Public,25.0,25.0,25.0,25.0,25.0,25.0,25.0,25.0,25.0,25.0,25.0,25.0,25.0,25.0,25.0,25.0,50.0,50.0,50.0,50.0,50.0,50.0,50.0,50.0,50.0,50.0,50.0,50.0,50.0,50.0,50.0,50.0,50.0,50.0,100.0,100.0,100.0,100.0,100.0,100.0,100.0,100.0,100.0,100.0,100.0,100.0,100.0,100.0,100.0,100.0,100.0,100.0,100.0,100.0
A,Annual,BHR,Bahrain,WB_GS_SG_LAW_INDX_WP,"Women, Business and the Law: Workplace Indicator Score (scale 1-100)",COUNT,Count,WB_GS,Gender Statistics,0,Units,A,Normal value,PU,Public,0.0,0.0,0.0,0.0,0.0,0.0,0.0,0.0,0.0,0.0,0.0,0.0,0.0,0.0,0.0,0.0,0.0,0.0,0.0,0.0,0.0,0.0,0.0,0.0,0.0,0.0,0.0,0.0,0.0,0.0,0.0,0.0,0.0,0.0,0.0,0.0,0.0,0.0,0.0,0.0,0.0,0.0,0.0,25.0,25.0,25.0,25.0,25.0,25.0,75.0,75.0,75.0,75.0,75.0
A,Annual,BHS,"Bahamas, The",WB_GS_SG_LAW_INDX_WP,"Women, Business and the Law: Workplace Indicator Score (scale 1-100)",COUNT,Count,WB_GS,Gender Statistics,0,Units,A,Normal value,PU,Public,25.0,25.0,25.0,25.0,25.0,25.0,25.0,25.0,25.0,25.0,25.0,25.0,25.0,25.0,25.0,25.0,25.0,25.0,25.0,25.0,25.0,25.0,75.0,75.0,75.0,75.0,75.0,75.0,75.0,75.0,75.0,75.0,100.0,100.0,100.0,100.0,100.0,100.0,100.0,100.0,100.0,100.0,100.0,100.0,100.0,100.0,100.0,100.0,100.0,100.0,100.0,100.0,100.0,100.0
A,Annual,BIH,Bosnia and Herzegovina,WB_GS_SG_LAW_INDX_WP,"Women, Business and the Law: Workplace Indicator Score (scale 1-100)",COUNT,Count,WB_GS,Gender Statistics,0,Units,A,Normal value,PU,Public,25.0,25.0,25.0,25.0,25.0,25.0,25.0,25.0,25.0,25.0,25.0,25.0,25.0,25.0,25.0,25.0,25.0,25.0,25.0,25.0,25.0,25.0,25.0,25.0,25.0,25.0,25.0,25.0,25.0,25.0,50.0,50.0,50.0,100.0,100.0,100.0,100.0,100.0,100.0,100.0,100.0,100.0,100.0,100.0,100.0,100.0,100.0,100.0,100.0,100.0,100.0,100.0,100.0,100.0
A,Annual,BLR,Belarus,WB_GS_SG_LAW_INDX_WP,"Women, Business and the Law: Workplace Indicator Score (scale 1-100)",COUNT,Count,WB_GS,Gender Statistics,0,Units,A,Normal value,PU,Public,25.0,25.0,25.0,50.0,50.0,50.0,50.0,50.0,50.0,50.0,50.0,50.0,50.0,50.0,50.0,50.0,50.0,50.0,50.0,50.0,50.0,50.0,50.0,50.0,50.0,50.0,50.0,50.0,50.0,50.0,50.0,50.0,50.0,50.0,50.0,50.0,50.0,50.0,50.0,50.0,50.0,50.0,50.0,50.0,50.0,50.0,50.0,50.0,50.0,50.0,50.0,50.0,50.0,50.0
A,Annual,BLZ,Belize,WB_GS_SG_LAW_INDX_WP,"Women, Business and the Law: Workplace Indicator Score (scale 1-100)",COUNT,Count,WB_GS,Gender Statistics,0,Units,A,Normal value,PU,Public,25.0,25.0,25.0,25.0,25.0,25.0,25.0,25.0,25.0,25.0,25.0,25.0,25.0,25.0,25.0,25.0,25.0,25.0,25.0,25.0,25.0,25.0,25.0,25.0,25.0,25.0,25.0,75.0,75.0,75.0,75.0,75.0,75.0,75.0,75.0,75.0,75.0,75.0,75.0,75.0,75.0,75.0,75.0,75.0,75.0,75.0,75.0,75.0,75.0,75.0,75.0,75.0,75.0,75.0
A,Annual,BOL,Bolivia,WB_GS_SG_LAW_INDX_WP,"Women, Business and the Law: Workplace Indicator Score (scale 1-100)",COUNT,Count,WB_GS,Gender Statistics,0,Units,A,Normal value,PU,Public,25.0,25.0,25.0,0.0,0.0,0.0,0.0,0.0,0.0,0.0,0.0,0.0,0.0,0.0,0.0,0.0,0.0,0.0,0.0,0.0,0.0,0.0,0.0,0.0,0.0,0.0,0.0,0.0,0.0,0.0,0.0,0.0,0.0,0.0,0.0,0.0,0.0,0.0,0.0,0.0,0.0,0.0,0.0,50.0,50.0,75.0,75.0,75.0,75.0,75.0,75.0,75.0,75.0,75.0
A,Annual,BRA,Brazil,WB_GS_SG_LAW_INDX_WP,"Women, Business and the Law: Workplace Indicator Score (scale 1-100)",COUNT,Count,WB_GS,Gender Statistics,0,Units,A,Normal value,PU,Public,0.0,0.0,0.0,0.0,0.0,0.0,0.0,0.0,0.0,0.0,0.0,0.0,0.0,0.0,0.0,0.0,0.0,0.0,0.0,0.0,25.0,25.0,25.0,25.0,25.0,25.0,25.0,25.0,25.0,50.0,50.0,100.0,100.0,100.0,100.0,100.0,100.0,100.0,100.0,100.0,100.0,100.0,100.0,100.0,100.0,100.0,100.0,100.0,100.0,100.0,100.0,100.0,100.0,100.0
A,Annual,BRB,Barbados,WB_GS_SG_LAW_INDX_WP,"Women, Business and the Law: Workplace Indicator Score (scale 1-100)",COUNT,Count,WB_GS,Gender Statistics,0,Units,A,Normal value,PU,Public,25.0,25.0,25.0,25.0,25.0,25.0,25.0,25.0,25.0,25.0,25.0,25.0,25.0,25.0,25.0,25.0,25.0,25.0,25.0,25.0,25.0,25.0,25.0,25.0,25.0,25.0,25.0,25.0,25.0,25.0,25.0,25.0,25.0,25.0,25.0,25.0,25.0,25.0,25.0,25.0,25.0,25.0,25.0,25.0,25.0,25.0,25.0,25.0,75.0,75.0,100.0,100.0,100.0,100.0
A,Annual,BRN,Brunei Darussalam,WB_GS_SG_LAW_INDX_WP,"Women, Business and the Law: Workplace Indicator Score (scale 1-100)",COUNT,Count,WB_GS,Gender Statistics,0,Units,A,Normal value,PU,Public,25.0,25.0,25.0,25.0,25.0,25.0,25.0,25.0,25.0,25.0,25.0,25.0,25.0,25.0,25.0,25.0,25.0,25.0,25.0,25.0,25.0,25.0,25.0,25.0,25.0,25.0,25.0,25.0,25.0,25.0,25.0,25.0,25.0,25.0,25.0,25.0,25.0,25.0,25.0,25.0,25.0,25.0,25.0,25.0,25.0,25.0,25.0,25.0,25.0,25.0,25.0,25.0,25.0,25.0
A,Annual,BTN,Bhutan,WB_GS_SG_LAW_INDX_WP,"Women, Business and the Law: Workplace Indicator Score (scale 1-100)",COUNT,Count,WB_GS,Gender Statistics,0,Units,A,Normal value,PU,Public,25.0,25.0,25.0,25.0,25.0,25.0,25.0,25.0,25.0,25.0,25.0,25.0,25.0,25.0,25.0,25.0,25.0,25.0,25.0,25.0,25.0,25.0,25.0,25.0,25.0,25.0,25.0,25.0,25.0,25.0,25.0,25.0,25.0,25.0,25.0,25.0,25.0,100.0,100.0,100.0,100.0,100.0,100.0,100.0,100.0,100.0,100.0,100.0,100.0,100.0,100.0,100.0,100.0,100.0
A,Annual,BWA,Botswana,WB_GS_SG_LAW_INDX_WP,"Women, Business and the Law: Workplace Indicator Score (scale 1-100)",COUNT,Count,WB_GS,Gender Statistics,0,Units,A,Normal value,PU,Public,0.0,0.0,0.0,0.0,0.0,0.0,0.0,0.0,0.0,0.0,0.0,0.0,0.0,0.0,0.0,0.0,0.0,0.0,0.0,0.0,0.0,0.0,0.0,0.0,0.0,0.0,0.0,0.0,0.0,0.0,0.0,0.0,0.0,0.0,0.0,25.0,25.0,25.0,25.0,25.0,25.0,25.0,25.0,25.0,25.0,25.0,25.0,25.0,25.0,25.0,25.0,25.0,25.0,25.0
A,Annual,CAF,Central African Republic,WB_GS_SG_LAW_INDX_WP,"Women, Business and the Law: Workplace Indicator Score (scale 1-100)",COUNT,Count,WB_GS,Gender Statistics,0,Units,A,Normal value,PU,Public,0.0,0.0,0.0,0.0,0.0,0.0,0.0,0.0,0.0,0.0,0.0,0.0,0.0,0.0,0.0,0.0,0.0,0.0,0.0,0.0,0.0,0.0,0.0,0.0,0.0,0.0,0.0,0.0,25.0,25.0,25.0,25.0,25.0,25.0,25.0,25.0,25.0,75.0,75.0,100.0,100.0,100.0,100.0,100.0,100.0,100.0,100.0,100.0,100.0,100.0,100.0,100.0,100.0,100.0
A,Annual,CAN,Canada,WB_GS_SG_LAW_INDX_WP,"Women, Business and the Law: Workplace Indicator Score (scale 1-100)",COUNT,Count,WB_GS,Gender Statistics,0,Units,A,Normal value,PU,Public,50.0,50.0,50.0,50.0,50.0,50.0,50.0,50.0,50.0,50.0,50.0,50.0,50.0,50.0,50.0,75.0,75.0,75.0,75.0,75.0,100.0,100.0,100.0,100.0,100.0,100.0,100.0,100.0,100.0,100.0,100.0,100.0,100.0,100.0,100.0,100.0,100.0,100.0,100.0,100.0,100.0,100.0,100.0,100.0,100.0,100.0,100.0,100.0,100.0,100.0,100.0,100.0,100.0,100.0
A,Annual,CHE,Switzerland,WB_GS_SG_LAW_INDX_WP,"Women, Business and the Law: Workplace Indicator Score (scale 1-100)",COUNT,Count,WB_GS,Gender Statistics,0,Units,A,Normal value,PU,Public,0.0,0.0,0.0,0.0,0.0,0.0,0.0,0.0,0.0,0.0,0.0,0.0,0.0,0.0,0.0,25.0,25.0,25.0,25.0,25.0,25.0,25.0,25.0,25.0,25.0,100.0,100.0,100.0,100.0,100.0,100.0,100.0,100.0,100.0,100.0,100.0,100.0,100.0,100.0,100.0,100.0,100.0,100.0,100.0,100.0,100.0,100.0,100.0,100.0,100.0,100.0,100.0,100.0,100.0
A,Annual,CHL,Chile,WB_GS_SG_LAW_INDX_WP,"Women, Business and the Law: Workplace Indicator Score (scale 1-100)",COUNT,Count,WB_GS,Gender Statistics,0,Units,A,Normal value,PU,Public,0.0,0.0,0.0,0.0,0.0,0.0,0.0,0.0,0.0,0.0,0.0,0.0,0.0,0.0,0.0,0.0,0.0,0.0,0.0,25.0,25.0,25.0,25.0,25.0,25.0,25.0,25.0,25.0,25.0,25.0,25.0,25.0,50.0,50.0,50.0,75.0,75.0,75.0,75.0,75.0,75.0,75.0,75.0,75.0,75.0,75.0,75.0,75.0,75.0,75.0,75.0,75.0,75.0,75.0
A,Annual,CHN,China,WB_GS_SG_LAW_INDX_WP,"Women, Business and the Law: Workplace Indicator Score (scale 1-100)",COUNT,Count,WB_GS,Gender Statistics,0,Units,A,Normal value,PU,Public,25.0,25.0,25.0,25.0,25.0,25.0,25.0,25.0,25.0,25.0,25.0,25.0,25.0,25.0,25.0,25.0,25.0,25.0,25.0,25.0,25.0,25.0,25.0,25.0,25.0,50.0,50.0,50.0,50.0,50.0,50.0,50.0,50.0,50.0,50.0,50.0,50.0,50.0,50.0,50.0,50.0,50.0,100.0,100.0,100.0,100.0,100.0,100.0,100.0,100.0,100.0,100.0,100.0,100.0
A,Annual,CIV,Cote d'Ivoire,WB_GS_SG_LAW_INDX_WP,"Women, Business and the Law: Workplace Indicator Score (scale 1-100)",COUNT,Count,WB_GS,Gender Statistics,0,Units,A,Normal value,PU,Public,0.0,0.0,0.0,0.0,0.0,0.0,0.0,0.0,0.0,0.0,0.0,0.0,0.0,0.0,0.0,0.0,0.0,0.0,0.0,0.0,0.0,0.0,0.0,0.0,0.0,25.0,25.0,25.0,25.0,75.0,75.0,75.0,75.0,75.0,75.0,75.0,75.0,75.0,75.0,75.0,75.0,75.0,75.0,100.0,100.0,100.0,100.0,100.0,100.0,100.0,100.0,100.0,100.0,100.0
A,Annual,CMR,Cameroon,WB_GS_SG_LAW_INDX_WP,"Women, Business and the Law: Workplace Indicator Score (scale 1-100)",COUNT,Count,WB_GS,Gender Statistics,0,Units,A,Normal value,PU,Public,0.0,0.0,0.0,0.0,0.0,0.0,0.0,0.0,0.0,0.0,0.0,0.0,0.0,0.0,0.0,0.0,0.0,0.0,0.0,0.0,0.0,0.0,0.0,0.0,0.0,0.0,0.0,0.0,0.0,0.0,0.0,0.0,0.0,0.0,0.0,0.0,0.0,0.0,0.0,0.0,0.0,0.0,0.0,0.0,0.0,0.0,0.0,75.0,75.0,75.0,75.0,75.0,75.0,75.0
A,Annual,COD,"Congo, Dem. Rep.",WB_GS_SG_LAW_INDX_WP,"Women, Business and the Law: Workplace Indicator Score (scale 1-100)",COUNT,Count,WB_GS,Gender Statistics,0,Units,A,Normal value,PU,Public,0.0,0.0,0.0,0.0,0.0,0.0,0.0,0.0,0.0,0.0,0.0,0.0,0.0,0.0,0.0,0.0,0.0,0.0,0.0,0.0,0.0,0.0,0.0,0.0,0.0,0.0,0.0,0.0,0.0,0.0,0.0,0.0,0.0,25.0,25.0,25.0,25.0,50.0,50.0,50.0,50.0,50.0,50.0,50.0,50.0,50.0,75.0,100.0,100.0,100.0,100.0,100.0,100.0,100.0
A,Annual,COG,"Congo, Rep.",WB_GS_SG_LAW_INDX_WP,"Women, Business and the Law: Workplace Indicator Score (scale 1-100)",COUNT,Count,WB_GS,Gender Statistics,0,Units,A,Normal value,PU,Public,0.0,0.0,0.0,0.0,0.0,0.0,0.0,0.0,0.0,0.0,0.0,0.0,0.0,0.0,0.0,25.0,25.0,25.0,25.0,25.0,25.0,25.0,25.0,25.0,25.0,25.0,25.0,25.0,25.0,25.0,25.0,25.0,25.0,25.0,25.0,25.0,25.0,25.0,25.0,25.0,25.0,25.0,25.0,25.0,25.0,25.0,25.0,25.0,25.0,25.0,25.0,25.0,75.0,75.0
A,Annual,COL,Colombia,WB_GS_SG_LAW_INDX_WP,"Women, Business and the Law: Workplace Indicator Score (scale 1-100)",COUNT,Count,WB_GS,Gender Statistics,0,Units,A,Normal value,PU,Public,25.0,25.0,25.0,25.0,25.0,25.0,25.0,25.0,25.0,25.0,25.0,25.0,25.0,25.0,25.0,25.0,25.0,25.0,25.0,25.0,25.0,25.0,25.0,25.0,25.0,25.0,25.0,25.0,25.0,25.0,25.0,25.0,25.0,25.0,25.0,25.0,75.0,75.0,75.0,75.0,75.0,75.0,100.0,100.0,100.0,100.0,100.0,100.0,100.0,100.0,100.0,100.0,100.0,100.0
A,Annual,COM,Comoros,WB_GS_SG_LAW_INDX_WP,"Women, Business and the Law: Workplace Indicator Score (scale 1-100)",COUNT,Count,WB_GS,Gender Statistics,0,Units,A,Normal value,PU,Public,0.0,0.0,0.0,0.0,0.0,0.0,0.0,0.0,0.0,0.0,0.0,0.0,0.0,0.0,25.0,25.0,25.0,25.0,25.0,25.0,25.0,25.0,25.0,25.0,25.0,25.0,25.0,25.0,25.0,25.0,25.0,25.0,25.0,25.0,25.0,25.0,25.0,25.0,25.0,25.0,25.0,25.0,25.0,75.0,75.0,75.0,75.0,75.0,75.0,75.0,75.0,75.0,75.0,75.0
A,Annual,CPV,Cabo Verde,WB_GS_SG_LAW_INDX_WP,"Women, Business and the Law: Workplace Indicator Score (scale 1-100)",COUNT,Count,WB_GS,Gender Statistics,0,Units,A,Normal value,PU,Public,0.0,0.0,0.0,0.0,0.0,0.0,0.0,0.0,0.0,0.0,0.0,0.0,25.0,25.0,25.0,25.0,25.0,25.0,25.0,25.0,25.0,25.0,25.0,25.0,25.0,25.0,25.0,25.0,25.0,25.0,25.0,25.0,25.0,25.0,75.0,75.0,75.0,75.0,100.0,100.0,100.0,100.0,100.0,100.0,100.0,100.0,100.0,100.0,100.0,100.0,100.0,100.0,100.0,100.0
A,Annual,CRI,Costa Rica,WB_GS_SG_LAW_INDX_WP,"Women, Business and the Law: Workplace Indicator Score (scale 1-100)",COUNT,Count,WB_GS,Gender Statistics,0,Units,A,Normal value,PU,Public,50.0,50.0,50.0,50.0,50.0,50.0,50.0,50.0,50.0,50.0,50.0,50.0,50.0,50.0,50.0,50.0,50.0,50.0,50.0,50.0,50.0,50.0,50.0,50.0,50.0,100.0,100.0,100.0,100.0,100.0,100.0,100.0,100.0,100.0,100.0,100.0,100.0,100.0,100.0,100.0,100.0,100.0,100.0,100.0,100.0,100.0,100.0,100.0,100.0,100.0,100.0,100.0,100.0,100.0
A,Annual,CYP,Cyprus,WB_GS_SG_LAW_INDX_WP,"Women, Business and the Law: Workplace Indicator Score (scale 1-100)",COUNT,Count,WB_GS,Gender Statistics,0,Units,A,Normal value,PU,Public,25.0,25.0,25.0,25.0,25.0,25.0,25.0,25.0,25.0,25.0,25.0,25.0,25.0,25.0,25.0,25.0,25.0,25.0,25.0,25.0,25.0,25.0,25.0,25.0,25.0,25.0,25.0,25.0,25.0,25.0,25.0,25.0,25.0,100.0,100.0,100.0,100.0,100.0,100.0,100.0,100.0,100.0,100.0,100.0,100.0,100.0,100.0,100.0,100.0,100.0,100.0,100.0,100.0,100.0
A,Annual,CZE,Czechia,WB_GS_SG_LAW_INDX_WP,"Women, Business and the Law: Workplace Indicator Score (scale 1-100)",COUNT,Count,WB_GS,Gender Statistics,0,Units,A,Normal value,PU,Public,25.0,25.0,25.0,25.0,25.0,25.0,25.0,25.0,25.0,25.0,25.0,25.0,25.0,25.0,25.0,25.0,25.0,25.0,25.0,25.0,25.0,25.0,25.0,25.0,25.0,25.0,25.0,25.0,25.0,25.0,25.0,25.0,25.0,25.0,25.0,25.0,25.0,75.0,75.0,100.0,100.0,100.0,100.0,100.0,100.0,100.0,100.0,100.0,100.0,100.0,100.0,100.0,100.0,100.0
A,Annual,DEU,Germany,WB_GS_SG_LAW_INDX_WP,"Women, Business and the Law: Workplace Indicator Score (scale 1-100)",COUNT,Count,WB_GS,Gender Statistics,0,Units,A,Normal value,PU,Public,0.0,0.0,0.0,0.0,0.0,0.0,0.0,25.0,25.0,25.0,25.0,25.0,25.0,25.0,25.0,25.0,25.0,25.0,25.0,25.0,25.0,25.0,25.0,25.0,25.0,50.0,50.0,50.0,50.0,50.0,50.0,50.0,50.0,50.0,50.0,50.0,50.0,100.0,100.0,100.0,100.0,100.0,100.0,100.0,100.0,100.0,100.0,100.0,100.0,100.0,100.0,100.0,100.0,100.0
A,Annual,DJI,Djibouti,WB_GS_SG_LAW_INDX_WP,"Women, Business and the Law: Workplace Indicator Score (scale 1-100)",COUNT,Count,WB_GS,Gender Statistics,0,Units,A,Normal value,PU,Public,25.0,25.0,25.0,25.0,25.0,25.0,25.0,25.0,25.0,25.0,25.0,25.0,25.0,25.0,25.0,25.0,25.0,25.0,25.0,25.0,25.0,25.0,25.0,25.0,25.0,25.0,25.0,25.0,25.0,25.0,25.0,25.0,25.0,25.0,25.0,25.0,50.0,50.0,50.0,50.0,50.0,50.0,50.0,50.0,50.0,50.0,50.0,50.0,50.0,100.0,100.0,100.0,100.0,100.0
A,Annual,DMA,Dominica,WB_GS_SG_LAW_INDX_WP,"Women, Business and the Law: Workplace Indicator Score (scale 1-100)",COUNT,Count,WB_GS,Gender Statistics,0,Units,A,Normal value,PU,Public,25.0,25.0,25.0,25.0,25.0,25.0,25.0,25.0,25.0,25.0,25.0,25.0,25.0,25.0,25.0,25.0,25.0,25.0,25.0,25.0,25.0,25.0,25.0,25.0,25.0,25.0,25.0,25.0,25.0,25.0,25.0,25.0,25.0,25.0,25.0,25.0,25.0,25.0,25.0,25.0,25.0,25.0,25.0,25.0,25.0,25.0,25.0,25.0,25.0,25.0,25.0,25.0,25.0,25.0
A,Annual,DNK,Denmark,WB_GS_SG_LAW_INDX_WP,"Women, Business and the Law: Workplace Indicator Score (scale 1-100)",COUNT,Count,WB_GS,Gender Statistics,0,Units,A,Normal value,PU,Public,25.0,25.0,25.0,25.0,25.0,25.0,25.0,25.0,25.0,25.0,25.0,25.0,25.0,25.0,25.0,25.0,25.0,25.0,25.0,25.0,25.0,25.0,25.0,25.0,25.0,25.0,25.0,25.0,50.0,50.0,100.0,100.0,100.0,100.0,100.0,100.0,100.0,100.0,100.0,100.0,100.0,100.0,100.0,100.0,100.0,100.0,100.0,100.0,100.0,100.0,100.0,100.0,100.0,100.0
A,Annual,DOM,Dominican Republic,WB_GS_SG_LAW_INDX_WP,"Women, Business and the Law: Workplace Indicator Score (scale 1-100)",COUNT,Count,WB_GS,Gender Statistics,0,Units,A,Normal value,PU,Public,0.0,0.0,0.0,0.0,0.0,0.0,0.0,0.0,0.0,25.0,25.0,25.0,25.0,25.0,25.0,25.0,25.0,25.0,25.0,25.0,25.0,25.0,75.0,75.0,75.0,75.0,75.0,100.0,100.0,100.0,100.0,100.0,100.0,100.0,100.0,100.0,100.0,100.0,100.0,100.0,100.0,100.0,100.0,100.0,100.0,100.0,100.0,100.0,100.0,100.0,100.0,100.0,100.0,100.0
A,Annual,DZA,Algeria,WB_GS_SG_LAW_INDX_WP,"Women, Business and the Law: Workplace Indicator Score (scale 1-100)",COUNT,Count,WB_GS,Gender Statistics,0,Units,A,Normal value,PU,Public,25.0,25.0,25.0,25.0,25.0,25.0,25.0,25.0,25.0,25.0,25.0,25.0,25.0,25.0,25.0,25.0,25.0,25.0,25.0,25.0,25.0,25.0,25.0,25.0,25.0,25.0,25.0,25.0,25.0,25.0,25.0,25.0,25.0,25.0,25.0,75.0,75.0,75.0,75.0,75.0,75.0,75.0,75.0,75.0,75.0,75.0,75.0,75.0,75.0,75.0,75.0,75.0,75.0,75.0
A,Annual,EAS,East Asia & Pacific,WB_GS_SG_LAW_INDX_WP,"Women, Business and the Law: Workplace Indicator Score (scale 1-100)",COUNT,Count,WB_GS,Gender Statistics,0,Units,A,Normal value,PU,Public,22.0,22.0,22.0,22.0,23.0,23.0,23.0,23.0,23.0,24.0,24.0,24.0,24.0,24.0,24.0,24.0,24.0,24.0,25.0,25.0,26.0,27.0,27.0,27.0,28.0,32.0,35.0,37.0,38.0,40.0,40.0,40.0,46.0,46.0,47.0,47.0,47.0,47.0,51.0,51.0,52.0,54.0,57.0,62.0,65.0,65.0,67.0,67.0,67.0,67.0,68.0,68.0,70.0,70.0
A,Annual,ECS,Europe & Central Asia,WB_GS_SG_LAW_INDX_WP,"Women, Business and the Law: Workplace Indicator Score (scale 1-100)",COUNT,Count,WB_GS,Gender Statistics,0,Units,A,Normal value,PU,Public,22.8260869565217,22.8260869565217,26.0869565217391,29.3478260869565,29.3478260869565,29.3478260869565,29.3478260869565,29.3478260869565,29.3478260869565,29.3478260869565,29.3478260869565,30.4347826086957,30.4347826086957,30.4347826086957,30.4347826086957,30.4347826086957,32.6086956521739,32.6086956521739,32.6086956521739,32.6086956521739,32.6086956521739,34.7826086956522,34.7826086956522,34.7826086956522,34.7826086956522,35.8695652173913,40.2173913043478,41.304347826087,41.304347826087,41.304347826087,43.4782608695652,43.4782608695652,50.0,59.7826086956522,65.2173913043478,71.7391304347826,77.1739130434783,79.3478260869565,80.4347826086957,81.5217391304348,82.6086956521739,81.5217391304348,81.5217391304348,82.6086956521739,82.6086956521739,82.6086956521739,82.6086956521739,82.6086956521739,82.6086956521739,83.695652173913,83.695652173913,83.695652173913,83.695652173913,85.8695652173913
A,Annual,ECU,Ecuador,WB_GS_SG_LAW_INDX_WP,"Women, Business and the Law: Workplace Indicator Score (scale 1-100)",COUNT,Count,WB_GS,Gender Statistics,0,Units,A,Normal value,PU,Public,0.0,25.0,25.0,25.0,25.0,25.0,25.0,25.0,25.0,25.0,25.0,25.0,25.0,25.0,25.0,25.0,25.0,25.0,25.0,25.0,25.0,25.0,25.0,25.0,25.0,25.0,25.0,25.0,25.0,75.0,75.0,75.0,75.0,75.0,75.0,75.0,75.0,75.0,75.0,100.0,100.0,100.0,100.0,100.0,100.0,100.0,100.0,100.0,100.0,100.0,100.0,100.0,100.0,100.0
A,Annual,EGY,"Egypt, Arab Rep.",WB_GS_SG_LAW_INDX_WP,"Women, Business and the Law: Workplace Indicator Score (scale 1-100)",COUNT,Count,WB_GS,Gender Statistics,0,Units,A,Normal value,PU,Public,0.0,0.0,0.0,0.0,0.0,0.0,0.0,0.0,0.0,0.0,0.0,0.0,0.0,0.0,0.0,0.0,0.0,0.0,0.0,0.0,0.0,0.0,0.0,0.0,0.0,0.0,0.0,0.0,0.0,0.0,0.0,0.0,0.0,25.0,25.0,25.0,25.0,25.0,25.0,25.0,25.0,25.0,25.0,25.0,25.0,75.0,75.0,75.0,75.0,75.0,75.0,75.0,75.0,75.0
A,Annual,ERI,Eritrea,WB_GS_SG_LAW_INDX_WP,"Women, Business and the Law: Workplace Indicator Score (scale 1-100)",COUNT,Count,WB_GS,Gender Statistics,0,Units,A,Normal value,PU,Public,75.0,75.0,75.0,75.0,75.0,75.0,75.0,75.0,75.0,75.0,75.0,75.0,75.0,75.0,75.0,75.0,75.0,75.0,75.0,75.0,75.0,75.0,75.0,100.0,100.0,100.0,100.0,100.0,100.0,100.0,100.0,100.0,100.0,100.0,100.0,100.0,100.0,100.0,100.0,100.0,100.0,100.0,100.0,100.0,100.0,100.0,100.0,100.0,100.0,100.0,100.0,100.0,100.0,100.0
A,Annual,ESP,Spain,WB_GS_SG_LAW_INDX_WP,"Women, Business and the Law: Workplace Indicator Score (scale 1-100)",COUNT,Count,WB_GS,Gender Statistics,0,Units,A,Normal value,PU,Public,0.0,0.0,0.0,0.0,0.0,25.0,25.0,25.0,25.0,25.0,50.0,50.0,50.0,50.0,50.0,50.0,50.0,50.0,50.0,50.0,50.0,50.0,50.0,50.0,50.0,50.0,100.0,100.0,100.0,100.0,100.0,100.0,100.0,100.0,100.0,100.0,100.0,100.0,100.0,100.0,100.0,100.0,100.0,100.0,100.0,100.0,100.0,100.0,100.0,100.0,100.0,100.0,100.0,100.0
A,Annual,EST,Estonia,WB_GS_SG_LAW_INDX_WP,"Women, Business and the Law: Workplace Indicator Score (scale 1-100)",COUNT,Count,WB_GS,Gender Statistics,0,Units,A,Normal value,PU,Public,25.0,25.0,25.0,25.0,25.0,25.0,25.0,25.0,25.0,25.0,25.0,25.0,25.0,25.0,25.0,25.0,25.0,25.0,25.0,25.0,25.0,25.0,25.0,25.0,25.0,25.0,25.0,25.0,25.0,25.0,25.0,25.0,25.0,25.0,100.0,100.0,100.0,100.0,100.0,100.0,100.0,100.0,100.0,100.0,100.0,100.0,100.0,100.0,100.0,100.0,100.0,100.0,100.0,100.0
A,Annual,ETH,Ethiopia,WB_GS_SG_LAW_INDX_WP,"Women, Business and the Law: Workplace Indicator Score (scale 1-100)",COUNT,Count,WB_GS,Gender Statistics,0,Units,A,Normal value,PU,Public,75.0,75.0,75.0,75.0,75.0,75.0,75.0,75.0,75.0,75.0,75.0,75.0,75.0,75.0,75.0,75.0,75.0,75.0,75.0,75.0,75.0,75.0,75.0,100.0,100.0,100.0,100.0,100.0,100.0,100.0,100.0,100.0,100.0,100.0,100.0,100.0,100.0,100.0,100.0,100.0,100.0,100.0,100.0,100.0,100.0,100.0,100.0,100.0,100.0,100.0,100.0,100.0,100.0,100.0
A,Annual,FIN,Finland,WB_GS_SG_LAW_INDX_WP,"Women, Business and the Law: Workplace Indicator Score (scale 1-100)",COUNT,Count,WB_GS,Gender Statistics,0,Units,A,Normal value,PU,Public,25.0,25.0,25.0,25.0,25.0,25.0,25.0,25.0,25.0,25.0,25.0,25.0,25.0,25.0,25.0,25.0,25.0,50.0,50.0,50.0,50.0,50.0,50.0,50.0,50.0,50.0,50.0,50.0,50.0,50.0,50.0,50.0,50.0,50.0,50.0,100.0,100.0,100.0,100.0,100.0,100.0,100.0,100.0,100.0,100.0,100.0,100.0,100.0,100.0,100.0,100.0,100.0,100.0,100.0
A,Annual,FJI,Fiji,WB_GS_SG_LAW_INDX_WP,"Women, Business and the Law: Workplace Indicator Score (scale 1-100)",COUNT,Count,WB_GS,Gender Statistics,0,Units,A,Normal value,PU,Public,25.0,25.0,25.0,25.0,25.0,25.0,25.0,25.0,25.0,25.0,25.0,25.0,25.0,25.0,25.0,25.0,25.0,25.0,25.0,25.0,25.0,25.0,25.0,25.0,25.0,25.0,25.0,25.0,25.0,75.0,75.0,75.0,75.0,75.0,75.0,75.0,75.0,75.0,100.0,100.0,100.0,100.0,100.0,100.0,100.0,100.0,100.0,100.0,100.0,100.0,100.0,100.0,100.0,100.0
A,Annual,FRA,France,WB_GS_SG_LAW_INDX_WP,"Women, Business and the Law: Workplace Indicator Score (scale 1-100)",COUNT,Count,WB_GS,Gender Statistics,0,Units,A,Normal value,PU,Public,25.0,25.0,25.0,25.0,25.0,25.0,25.0,25.0,25.0,25.0,25.0,25.0,25.0,50.0,50.0,50.0,50.0,50.0,50.0,50.0,50.0,50.0,50.0,100.0,100.0,100.0,100.0,100.0,100.0,100.0,100.0,100.0,100.0,100.0,100.0,100.0,100.0,100.0,100.0,100.0,100.0,100.0,100.0,100.0,100.0,100.0,100.0,100.0,100.0,100.0,100.0,100.0,100.0,100.0
A,Annual,FSM,"Micronesia, Fed. Sts.",WB_GS_SG_LAW_INDX_WP,"Women, Business and the Law: Workplace Indicator Score (scale 1-100)",COUNT,Count,WB_GS,Gender Statistics,0,Units,A,Normal value,PU,Public,25.0,25.0,25.0,25.0,25.0,25.0,25.0,25.0,25.0,25.0,25.0,25.0,25.0,25.0,25.0,25.0,25.0,25.0,25.0,25.0,25.0,25.0,25.0,25.0,25.0,25.0,25.0,25.0,25.0,25.0,25.0,25.0,25.0,25.0,25.0,25.0,25.0,25.0,25.0,25.0,25.0,25.0,25.0,25.0,25.0,25.0,25.0,25.0,25.0,25.0,25.0,25.0,25.0,25.0
A,Annual,GAB,Gabon,WB_GS_SG_LAW_INDX_WP,"Women, Business and the Law: Workplace Indicator Score (scale 1-100)",COUNT,Count,WB_GS,Gender Statistics,0,Units,A,Normal value,PU,Public,0.0,0.0,0.0,0.0,0.0,0.0,0.0,0.0,0.0,0.0,0.0,0.0,0.0,0.0,0.0,0.0,0.0,0.0,0.0,0.0,0.0,0.0,0.0,0.0,0.0,25.0,25.0,25.0,25.0,25.0,25.0,25.0,25.0,25.0,25.0,25.0,25.0,25.0,25.0,25.0,25.0,25.0,25.0,25.0,25.0,25.0,25.0,75.0,75.0,75.0,75.0,100.0,100.0,100.0
A,Annual,GBR,United Kingdom,WB_GS_SG_LAW_INDX_WP,"Women, Business and the Law: Workplace Indicator Score (scale 1-100)",COUNT,Count,WB_GS,Gender Statistics,0,Units,A,Normal value,PU,Public,25.0,25.0,25.0,25.0,25.0,25.0,50.0,50.0,50.0,50.0,50.0,50.0,50.0,50.0,50.0,50.0,50.0,50.0,50.0,50.0,50.0,50.0,50.0,50.0,50.0,50.0,50.0,50.0,50.0,50.0,50.0,50.0,50.0,50.0,50.0,50.0,75.0,75.0,75.0,75.0,100.0,100.0,100.0,100.0,100.0,100.0,100.0,100.0,100.0,100.0,100.0,100.0,100.0,100.0
A,Annual,GEO,Georgia,WB_GS_SG_LAW_INDX_WP,"Women, Business and the Law: Workplace Indicator Score (scale 1-100)",COUNT,Count,WB_GS,Gender Statistics,0,Units,A,Normal value,PU,Public,25.0,25.0,50.0,50.0,50.0,50.0,50.0,50.0,50.0,50.0,50.0,50.0,50.0,50.0,50.0,50.0,50.0,50.0,50.0,50.0,50.0,50.0,50.0,50.0,50.0,50.0,50.0,50.0,50.0,50.0,50.0,50.0,50.0,50.0,50.0,50.0,50.0,50.0,50.0,50.0,75.0,75.0,75.0,75.0,75.0,75.0,75.0,75.0,75.0,100.0,100.0,100.0,100.0,100.0
A,Annual,GHA,Ghana,WB_GS_SG_LAW_INDX_WP,"Women, Business and the Law: Workplace Indicator Score (scale 1-100)",COUNT,Count,WB_GS,Gender Statistics,0,Units,A,Normal value,PU,Public,25.0,25.0,25.0,25.0,25.0,25.0,25.0,25.0,25.0,25.0,25.0,25.0,25.0,25.0,25.0,25.0,25.0,25.0,25.0,25.0,25.0,25.0,25.0,25.0,25.0,25.0,25.0,25.0,25.0,25.0,25.0,25.0,25.0,25.0,100.0,100.0,100.0,100.0,100.0,100.0,100.0,100.0,100.0,100.0,100.0,100.0,100.0,100.0,100.0,100.0,100.0,100.0,100.0,100.0
A,Annual,GIN,Guinea,WB_GS_SG_LAW_INDX_WP,"Women, Business and the Law: Workplace Indicator Score (scale 1-100)",COUNT,Count,WB_GS,Gender Statistics,0,Units,A,Normal value,PU,Public,0.0,0.0,0.0,0.0,0.0,0.0,0.0,0.0,0.0,0.0,0.0,0.0,0.0,0.0,0.0,0.0,0.0,0.0,0.0,0.0,0.0,0.0,0.0,0.0,0.0,0.0,0.0,0.0,0.0,0.0,0.0,0.0,0.0,0.0,0.0,0.0,0.0,0.0,0.0,0.0,0.0,0.0,0.0,0.0,75.0,75.0,75.0,75.0,75.0,100.0,100.0,100.0,100.0,100.0
A,Annual,GMB,"Gambia, The",WB_GS_SG_LAW_INDX_WP,"Women, Business and the Law: Workplace Indicator Score (scale 1-100)",COUNT,Count,WB_GS,Gender Statistics,0,Units,A,Normal value,PU,Public,25.0,25.0,25.0,25.0,25.0,25.0,25.0,25.0,25.0,25.0,25.0,25.0,25.0,25.0,25.0,25.0,25.0,25.0,25.0,25.0,25.0,25.0,25.0,25.0,25.0,25.0,25.0,25.0,25.0,25.0,25.0,25.0,25.0,25.0,25.0,25.0,25.0,25.0,25.0,25.0,25.0,50.0,50.0,50.0,50.0,50.0,50.0,50.0,50.0,50.0,50.0,50.0,50.0,50.0
A,Annual,GNB,Guinea-Bissau,WB_GS_SG_LAW_INDX_WP,"Women, Business and the Law: Workplace Indicator Score (scale 1-100)",COUNT,Count,WB_GS,Gender Statistics,0,Units,A,Normal value,PU,Public,0.0,0.0,0.0,0.0,0.0,0.0,0.0,0.0,0.0,0.0,0.0,0.0,0.0,0.0,0.0,0.0,25.0,25.0,25.0,25.0,25.0,25.0,25.0,25.0,25.0,25.0,25.0,25.0,25.0,25.0,25.0,25.0,25.0,25.0,25.0,25.0,25.0,25.0,25.0,25.0,25.0,25.0,25.0,25.0,25.0,25.0,25.0,25.0,25.0,25.0,25.0,25.0,25.0,25.0
A,Annual,GNQ,Equatorial Guinea,WB_GS_SG_LAW_INDX_WP,"Women, Business and the Law: Workplace Indicator Score (scale 1-100)",COUNT,Count,WB_GS,Gender Statistics,0,Units,A,Normal value,PU,Public,0.0,0.0,0.0,0.0,0.0,0.0,0.0,0.0,0.0,0.0,0.0,0.0,0.0,0.0,0.0,0.0,0.0,0.0,0.0,0.0,25.0,25.0,25.0,25.0,25.0,25.0,25.0,25.0,25.0,25.0,25.0,25.0,25.0,25.0,25.0,25.0,25.0,25.0,25.0,25.0,25.0,25.0,25.0,25.0,25.0,25.0,25.0,25.0,25.0,25.0,25.0,25.0,25.0,75.0
A,Annual,GRC,Greece,WB_GS_SG_LAW_INDX_WP,"Women, Business and the Law: Workplace Indicator Score (scale 1-100)",COUNT,Count,WB_GS,Gender Statistics,0,Units,A,Normal value,PU,Public,25.0,25.0,25.0,25.0,25.0,25.0,25.0,25.0,25.0,25.0,25.0,25.0,25.0,25.0,50.0,50.0,50.0,50.0,50.0,50.0,50.0,50.0,50.0,50.0,50.0,50.0,50.0,50.0,50.0,50.0,50.0,50.0,50.0,50.0,50.0,50.0,50.0,100.0,100.0,100.0,100.0,100.0,100.0,100.0,100.0,100.0,100.0,100.0,100.0,100.0,100.0,100.0,100.0,100.0
A,Annual,GRD,Grenada,WB_GS_SG_LAW_INDX_WP,"Women, Business and the Law: Workplace Indicator Score (scale 1-100)",COUNT,Count,WB_GS,Gender Statistics,0,Units,A,Normal value,PU,Public,25.0,25.0,25.0,25.0,25.0,25.0,25.0,25.0,25.0,25.0,25.0,25.0,25.0,25.0,25.0,25.0,25.0,25.0,25.0,25.0,25.0,25.0,25.0,25.0,25.0,25.0,25.0,25.0,25.0,25.0,50.0,50.0,50.0,50.0,50.0,50.0,50.0,50.0,50.0,50.0,50.0,50.0,50.0,50.0,50.0,50.0,50.0,50.0,50.0,50.0,50.0,50.0,50.0,50.0
A,Annual,GTM,Guatemala,WB_GS_SG_LAW_INDX_WP,"Women, Business and the Law: Workplace Indicator Score (scale 1-100)",COUNT,Count,WB_GS,Gender Statistics,0,Units,A,Normal value,PU,Public,0.0,0.0,0.0,0.0,0.0,0.0,0.0,0.0,0.0,0.0,0.0,0.0,0.0,0.0,0.0,0.0,0.0,0.0,0.0,0.0,0.0,0.0,0.0,0.0,0.0,0.0,0.0,0.0,0.0,0.0,25.0,25.0,25.0,25.0,25.0,25.0,25.0,25.0,25.0,25.0,25.0,25.0,25.0,25.0,25.0,25.0,25.0,25.0,25.0,25.0,25.0,25.0,25.0,25.0
A,Annual,GUY,Guyana,WB_GS_SG_LAW_INDX_WP,"Women, Business and the Law: Workplace Indicator Score (scale 1-100)",COUNT,Count,WB_GS,Gender Statistics,0,Units,A,Normal value,PU,Public,25.0,25.0,25.0,25.0,25.0,25.0,25.0,25.0,25.0,25.0,25.0,25.0,25.0,25.0,25.0,25.0,25.0,25.0,25.0,25.0,25.0,25.0,25.0,25.0,25.0,25.0,25.0,25.0,100.0,100.0,100.0,100.0,100.0,100.0,100.0,100.0,100.0,100.0,100.0,100.0,100.0,100.0,100.0,100.0,100.0,100.0,100.0,100.0,100.0,100.0,100.0,100.0,100.0,100.0
A,Annual,HIC,High income,WB_GS_SG_LAW_INDX_WP,"Women, Business and the Law: Workplace Indicator Score (scale 1-100)",COUNT,Count,WB_GS,Gender Statistics,0,Units,A,Normal value,PU,Public,20.3389830508475,20.3389830508475,20.7627118644068,22.0338983050847,22.0338983050847,22.4576271186441,23.3050847457627,24.5762711864407,26.271186440678,27.1186440677966,28.3898305084746,30.0847457627119,30.5084745762712,30.9322033898305,32.2033898305085,33.0508474576271,33.4745762711864,34.7457627118644,36.0169491525424,36.4406779661017,37.2881355932203,37.2881355932203,38.135593220339,39.8305084745763,39.8305084745763,42.7966101694915,45.3389830508475,46.1864406779661,48.728813559322,51.271186440678,53.8135593220339,54.6610169491525,59.7457627118644,63.9830508474576,68.6440677966102,71.1864406779661,73.3050847457627,76.6949152542373,77.5423728813559,78.8135593220339,80.0847457627119,80.5084745762712,80.5084745762712,80.9322033898305,82.2033898305085,82.2033898305085,82.2033898305085,82.2033898305085,83.8983050847458,86.4406779661017,87.2881355932203,88.5593220338983,88.5593220338983,88.5593220338983
A,Annual,HKG,"Hong Kong SAR, China",WB_GS_SG_LAW_INDX_WP,"Women, Business and the Law: Workplace Indicator Score (scale 1-100)",COUNT,Count,WB_GS,Gender Statistics,0,Units,A,Normal value,PU,Public,25.0,25.0,25.0,25.0,25.0,25.0,25.0,25.0,25.0,25.0,25.0,25.0,25.0,25.0,25.0,25.0,25.0,25.0,25.0,25.0,25.0,25.0,25.0,25.0,25.0,25.0,100.0,100.0,100.0,100.0,100.0,100.0,100.0,100.0,100.0,100.0,100.0,100.0,100.0,100.0,100.0,100.0,100.0,100.0,100.0,100.0,100.0,100.0,100.0,100.0,100.0,100.0,100.0,100.0
A,Annual,HND,Honduras,WB_GS_SG_LAW_INDX_WP,"Women, Business and the Law: Workplace Indicator Score (scale 1-100)",COUNT,Count,WB_GS,Gender Statistics,0,Units,A,Normal value,PU,Public,25.0,25.0,25.0,25.0,25.0,25.0,25.0,25.0,25.0,25.0,25.0,25.0,25.0,25.0,25.0,25.0,25.0,25.0,25.0,25.0,25.0,25.0,25.0,25.0,25.0,25.0,25.0,75.0,75.0,75.0,100.0,100.0,100.0,100.0,100.0,100.0,100.0,100.0,100.0,100.0,100.0,100.0,100.0,100.0,100.0,100.0,100.0,100.0,100.0,100.0,100.0,100.0,100.0,100.0
A,Annual,HRV,Croatia,WB_GS_SG_LAW_INDX_WP,"Women, Business and the Law: Workplace Indicator Score (scale 1-100)",COUNT,Count,WB_GS,Gender Statistics,0,Units,A,Normal value,PU,Public,25.0,25.0,25.0,25.0,25.0,25.0,25.0,25.0,25.0,25.0,25.0,25.0,25.0,25.0,25.0,25.0,25.0,25.0,25.0,25.0,25.0,25.0,25.0,25.0,25.0,50.0,50.0,50.0,50.0,50.0,50.0,50.0,50.0,50.0,100.0,100.0,100.0,100.0,100.0,100.0,100.0,100.0,100.0,100.0,100.0,100.0,100.0,100.0,100.0,100.0,100.0,100.0,100.0,100.0
A,Annual,HTI,Haiti,WB_GS_SG_LAW_INDX_WP,"Women, Business and the Law: Workplace Indicator Score (scale 1-100)",COUNT,Count,WB_GS,Gender Statistics,0,Units,A,Normal value,PU,Public,0.0,0.0,0.0,0.0,0.0,0.0,0.0,0.0,0.0,0.0,0.0,0.0,0.0,25.0,50.0,50.0,50.0,50.0,50.0,50.0,50.0,50.0,50.0,50.0,50.0,50.0,50.0,50.0,50.0,50.0,50.0,50.0,50.0,50.0,50.0,50.0,50.0,50.0,50.0,50.0,50.0,50.0,50.0,50.0,50.0,50.0,50.0,50.0,50.0,50.0,50.0,50.0,50.0,50.0
A,Annual,HUN,Hungary,WB_GS_SG_LAW_INDX_WP,"Women, Business and the Law: Workplace Indicator Score (scale 1-100)",COUNT,Count,WB_GS,Gender Statistics,0,Units,A,Normal value,PU,Public,25.0,25.0,25.0,25.0,25.0,25.0,25.0,25.0,25.0,25.0,25.0,25.0,25.0,25.0,25.0,25.0,25.0,25.0,25.0,25.0,25.0,25.0,25.0,25.0,25.0,25.0,25.0,25.0,25.0,25.0,25.0,25.0,25.0,25.0,50.0,50.0,50.0,75.0,75.0,75.0,75.0,75.0,75.0,75.0,75.0,75.0,75.0,75.0,75.0,75.0,75.0,75.0,75.0,75.0
A,Annual,IDN,Indonesia,WB_GS_SG_LAW_INDX_WP,"Women, Business and the Law: Workplace Indicator Score (scale 1-100)",COUNT,Count,WB_GS,Gender Statistics,0,Units,A,Normal value,PU,Public,0.0,0.0,0.0,0.0,25.0,25.0,25.0,25.0,25.0,25.0,25.0,25.0,25.0,25.0,25.0,25.0,25.0,25.0,25.0,25.0,25.0,25.0,25.0,25.0,25.0,25.0,25.0,25.0,25.0,25.0,25.0,25.0,25.0,25.0,50.0,50.0,50.0,50.0,50.0,50.0,50.0,50.0,50.0,50.0,50.0,50.0,50.0,50.0,50.0,50.0,50.0,50.0,100.0,100.0
A,Annual,IND,India,WB_GS_SG_LAW_INDX_WP,"Women, Business and the Law: Workplace Indicator Score (scale 1-100)",COUNT,Count,WB_GS,Gender Statistics,0,Units,A,Normal value,PU,Public,25.0,25.0,25.0,25.0,25.0,25.0,25.0,25.0,25.0,25.0,25.0,25.0,25.0,25.0,25.0,25.0,25.0,25.0,50.0,50.0,50.0,50.0,50.0,50.0,50.0,50.0,50.0,50.0,100.0,100.0,100.0,100.0,100.0,100.0,100.0,100.0,100.0,100.0,100.0,100.0,100.0,100.0,100.0,100.0,100.0,100.0,100.0,100.0,100.0,100.0,100.0,100.0,100.0,100.0
A,Annual,IRL,Ireland,WB_GS_SG_LAW_INDX_WP,"Women, Business and the Law: Workplace Indicator Score (scale 1-100)",COUNT,Count,WB_GS,Gender Statistics,0,Units,A,Normal value,PU,Public,25.0,25.0,25.0,25.0,25.0,25.0,25.0,25.0,50.0,50.0,50.0,50.0,50.0,50.0,50.0,50.0,50.0,50.0,50.0,50.0,50.0,50.0,50.0,50.0,50.0,50.0,50.0,50.0,50.0,100.0,100.0,100.0,100.0,100.0,100.0,100.0,100.0,100.0,100.0,100.0,100.0,100.0,100.0,100.0,100.0,100.0,100.0,100.0,100.0,100.0,100.0,100.0,100.0,100.0
A,Annual,IRN,"Iran, Islamic Rep.",WB_GS_SG_LAW_INDX_WP,"Women, Business and the Law: Workplace Indicator Score (scale 1-100)",COUNT,Count,WB_GS,Gender Statistics,0,Units,A,Normal value,PU,Public,0.0,0.0,0.0,0.0,0.0,0.0,0.0,0.0,0.0,0.0,0.0,0.0,0.0,0.0,0.0,0.0,0.0,0.0,0.0,0.0,0.0,0.0,0.0,0.0,0.0,0.0,0.0,0.0,0.0,0.0,0.0,0.0,0.0,0.0,0.0,0.0,0.0,0.0,0.0,0.0,0.0,0.0,0.0,0.0,0.0,0.0,0.0,0.0,0.0,0.0,0.0,0.0,0.0,0.0
A,Annual,IRQ,Iraq,WB_GS_SG_LAW_INDX_WP,"Women, Business and the Law: Workplace Indicator Score (scale 1-100)",COUNT,Count,WB_GS,Gender Statistics,0,Units,A,Normal value,PU,Public,25.0,25.0,25.0,25.0,25.0,25.0,25.0,25.0,25.0,25.0,25.0,25.0,25.0,25.0,25.0,25.0,25.0,50.0,50.0,50.0,50.0,50.0,50.0,50.0,50.0,50.0,50.0,50.0,50.0,50.0,50.0,50.0,50.0,50.0,50.0,50.0,50.0,50.0,50.0,50.0,50.0,50.0,50.0,50.0,50.0,50.0,100.0,100.0,100.0,100.0,100.0,100.0,100.0,100.0
A,Annual,ISL,Iceland,WB_GS_SG_LAW_INDX_WP,"Women, Business and the Law: Workplace Indicator Score (scale 1-100)",COUNT,Count,WB_GS,Gender Statistics,0,Units,A,Normal value,PU,Public,25.0,25.0,25.0,25.0,25.0,25.0,25.0,50.0,50.0,50.0,50.0,50.0,50.0,50.0,50.0,50.0,50.0,50.0,50.0,50.0,50.0,50.0,50.0,50.0,50.0,50.0,50.0,50.0,50.0,50.0,100.0,100.0,100.0,100.0,100.0,100.0,100.0,100.0,100.0,100.0,100.0,100.0,100.0,100.0,100.0,100.0,100.0,100.0,100.0,100.0,100.0,100.0,100.0,100.0
A,Annual,ISR,Israel,WB_GS_SG_LAW_INDX_WP,"Women, Business and the Law: Workplace Indicator Score (scale 1-100)",COUNT,Count,WB_GS,Gender Statistics,0,Units,A,Normal value,PU,Public,25.0,25.0,25.0,25.0,25.0,25.0,25.0,25.0,25.0,25.0,25.0,25.0,25.0,25.0,25.0,25.0,25.0,25.0,50.0,50.0,50.0,50.0,50.0,50.0,50.0,50.0,50.0,50.0,100.0,100.0,100.0,100.0,100.0,100.0,100.0,100.0,100.0,100.0,100.0,100.0,100.0,100.0,100.0,100.0,100.0,100.0,100.0,100.0,100.0,100.0,100.0,100.0,100.0,100.0
A,Annual,ITA,Italy,WB_GS_SG_LAW_INDX_WP,"Women, Business and the Law: Workplace Indicator Score (scale 1-100)",COUNT,Count,WB_GS,Gender Statistics,0,Units,A,Normal value,PU,Public,25.0,25.0,25.0,25.0,25.0,25.0,25.0,25.0,50.0,50.0,50.0,50.0,50.0,50.0,50.0,50.0,50.0,50.0,50.0,50.0,50.0,50.0,50.0,50.0,50.0,50.0,50.0,50.0,50.0,50.0,50.0,50.0,50.0,50.0,50.0,75.0,100.0,100.0,100.0,100.0,100.0,100.0,100.0,100.0,100.0,100.0,100.0,100.0,100.0,100.0,100.0,100.0,100.0,100.0
A,Annual,JAM,Jamaica,WB_GS_SG_LAW_INDX_WP,"Women, Business and the Law: Workplace Indicator Score (scale 1-100)",COUNT,Count,WB_GS,Gender Statistics,0,Units,A,Normal value,PU,Public,25.0,25.0,25.0,25.0,25.0,25.0,25.0,25.0,25.0,25.0,25.0,25.0,25.0,25.0,25.0,25.0,25.0,25.0,25.0,25.0,25.0,25.0,25.0,25.0,25.0,25.0,25.0,25.0,25.0,25.0,25.0,25.0,25.0,25.0,25.0,25.0,25.0,25.0,25.0,25.0,25.0,25.0,25.0,25.0,25.0,25.0,25.0,25.0,25.0,25.0,25.0,25.0,25.0,75.0
A,Annual,JOR,Jordan,WB_GS_SG_LAW_INDX_WP,"Women, Business and the Law: Workplace Indicator Score (scale 1-100)",COUNT,Count,WB_GS,Gender Statistics,0,Units,A,Normal value,PU,Public,0.0,0.0,0.0,0.0,0.0,0.0,0.0,0.0,0.0,0.0,0.0,0.0,0.0,0.0,0.0,0.0,0.0,0.0,0.0,0.0,0.0,0.0,0.0,0.0,0.0,0.0,0.0,0.0,0.0,0.0,0.0,0.0,0.0,0.0,0.0,0.0,0.0,0.0,0.0,0.0,0.0,0.0,0.0,0.0,0.0,0.0,0.0,0.0,0.0,0.0,0.0,0.0,0.0,75.0
A,Annual,JPN,Japan,WB_GS_SG_LAW_INDX_WP,"Women, Business and the Law: Workplace Indicator Score (scale 1-100)",COUNT,Count,WB_GS,Gender Statistics,0,Units,A,Normal value,PU,Public,25.0,25.0,25.0,50.0,50.0,50.0,50.0,50.0,50.0,50.0,50.0,50.0,50.0,50.0,50.0,50.0,50.0,50.0,50.0,50.0,50.0,50.0,50.0,50.0,50.0,50.0,50.0,50.0,50.0,50.0,50.0,50.0,50.0,50.0,50.0,50.0,50.0,50.0,50.0,50.0,50.0,50.0,50.0,50.0,50.0,50.0,50.0,50.0,50.0,50.0,50.0,50.0,50.0,50.0
A,Annual,KAZ,Kazakhstan,WB_GS_SG_LAW_INDX_WP,"Women, Business and the Law: Workplace Indicator Score (scale 1-100)",COUNT,Count,WB_GS,Gender Statistics,0,Units,A,Normal value,PU,Public,25.0,25.0,25.0,25.0,25.0,25.0,25.0,25.0,25.0,25.0,25.0,25.0,25.0,25.0,25.0,25.0,25.0,25.0,25.0,25.0,25.0,25.0,25.0,25.0,25.0,25.0,25.0,25.0,25.0,25.0,50.0,50.0,50.0,50.0,50.0,50.0,50.0,50.0,50.0,50.0,50.0,50.0,50.0,50.0,50.0,50.0,50.0,50.0,50.0,50.0,50.0,50.0,50.0,50.0
A,Annual,KEN,Kenya,WB_GS_SG_LAW_INDX_WP,"Women, Business and the Law: Workplace Indicator Score (scale 1-100)",COUNT,Count,WB_GS,Gender Statistics,0,Units,A,Normal value,PU,Public,25.0,25.0,25.0,25.0,25.0,25.0,25.0,25.0,25.0,25.0,25.0,25.0,25.0,25.0,25.0,25.0,25.0,25.0,25.0,25.0,25.0,25.0,25.0,25.0,25.0,25.0,25.0,25.0,25.0,25.0,25.0,25.0,25.0,25.0,25.0,25.0,25.0,75.0,100.0,100.0,100.0,100.0,100.0,100.0,100.0,100.0,100.0,100.0,100.0,100.0,100.0,100.0,100.0,100.0
A,Annual,KGZ,Kyrgyz Republic,WB_GS_SG_LAW_INDX_WP,"Women, Business and the Law: Workplace Indicator Score (scale 1-100)",COUNT,Count,WB_GS,Gender Statistics,0,Units,A,Normal value,PU,Public,25.0,25.0,25.0,25.0,25.0,25.0,25.0,25.0,25.0,25.0,25.0,25.0,25.0,25.0,25.0,25.0,25.0,25.0,25.0,25.0,25.0,25.0,25.0,25.0,25.0,25.0,25.0,25.0,25.0,25.0,25.0,25.0,25.0,50.0,50.0,75.0,75.0,75.0,75.0,100.0,100.0,100.0,100.0,100.0,100.0,100.0,100.0,100.0,100.0,100.0,100.0,100.0,100.0,100.0
A,Annual,KHM,Cambodia,WB_GS_SG_LAW_INDX_WP,"Women, Business and the Law: Workplace Indicator Score (scale 1-100)",COUNT,Count,WB_GS,Gender Statistics,0,Units,A,Normal value,PU,Public,25.0,25.0,25.0,25.0,25.0,25.0,25.0,25.0,25.0,25.0,25.0,25.0,25.0,25.0,25.0,25.0,25.0,25.0,25.0,25.0,25.0,25.0,25.0,25.0,25.0,25.0,25.0,75.0,75.0,75.0,75.0,75.0,75.0,75.0,75.0,75.0,75.0,75.0,75.0,75.0,100.0,100.0,100.0,100.0,100.0,100.0,100.0,100.0,100.0,100.0,100.0,100.0,100.0,100.0
A,Annual,KIR,Kiribati,WB_GS_SG_LAW_INDX_WP,"Women, Business and the Law: Workplace Indicator Score (scale 1-100)",COUNT,Count,WB_GS,Gender Statistics,0,Units,A,Normal value,PU,Public,25.0,25.0,25.0,25.0,25.0,25.0,25.0,25.0,25.0,25.0,25.0,25.0,25.0,25.0,25.0,25.0,25.0,25.0,25.0,25.0,25.0,25.0,25.0,25.0,25.0,25.0,25.0,25.0,25.0,25.0,25.0,25.0,25.0,25.0,25.0,25.0,25.0,25.0,50.0,50.0,50.0,50.0,50.0,50.0,50.0,50.0,100.0,100.0,100.0,100.0,100.0,100.0,100.0,100.0
A,Annual,KNA,St. Kitts and Nevis,WB_GS_SG_LAW_INDX_WP,"Women, Business and the Law: Workplace Indicator Score (scale 1-100)",COUNT,Count,WB_GS,Gender Statistics,0,Units,A,Normal value,PU,Public,25.0,25.0,25.0,25.0,25.0,25.0,25.0,25.0,25.0,25.0,25.0,25.0,25.0,25.0,25.0,25.0,25.0,25.0,25.0,25.0,25.0,25.0,25.0,25.0,25.0,25.0,25.0,25.0,25.0,25.0,25.0,25.0,25.0,25.0,25.0,25.0,25.0,25.0,25.0,25.0,25.0,25.0,25.0,25.0,25.0,25.0,25.0,25.0,25.0,25.0,25.0,25.0,25.0,25.0
A,Annual,KOR,"Korea, Rep.",WB_GS_SG_LAW_INDX_WP,"Women, Business and the Law: Workplace Indicator Score (scale 1-100)",COUNT,Count,WB_GS,Gender Statistics,0,Units,A,Normal value,PU,Public,25.0,25.0,25.0,25.0,25.0,25.0,25.0,25.0,25.0,25.0,25.0,25.0,25.0,25.0,25.0,25.0,25.0,25.0,25.0,25.0,25.0,25.0,25.0,25.0,25.0,25.0,25.0,50.0,50.0,75.0,75.0,75.0,75.0,75.0,75.0,75.0,100.0,100.0,100.0,100.0,100.0,100.0,100.0,100.0,100.0,100.0,100.0,100.0,100.0,100.0,100.0,100.0,100.0,100.0
A,Annual,KWT,Kuwait,WB_GS_SG_LAW_INDX_WP,"Women, Business and the Law: Workplace Indicator Score (scale 1-100)",COUNT,Count,WB_GS,Gender Statistics,0,Units,A,Normal value,PU,Public,0.0,0.0,0.0,0.0,0.0,0.0,0.0,0.0,0.0,0.0,0.0,0.0,0.0,0.0,0.0,0.0,0.0,0.0,0.0,0.0,0.0,0.0,0.0,0.0,0.0,0.0,0.0,0.0,0.0,0.0,0.0,0.0,0.0,0.0,0.0,0.0,0.0,0.0,0.0,0.0,0.0,0.0,0.0,0.0,0.0,0.0,0.0,0.0,0.0,0.0,0.0,75.0,75.0,75.0
A,Annual,LAO,Lao PDR,WB_GS_SG_LAW_INDX_WP,"Women, Business and the Law: Workplace Indicator Score (scale 1-100)",COUNT,Count,WB_GS,Gender Statistics,0,Units,A,Normal value,PU,Public,0.0,0.0,0.0,0.0,0.0,0.0,0.0,0.0,0.0,0.0,0.0,0.0,0.0,0.0,0.0,0.0,0.0,0.0,0.0,0.0,0.0,25.0,25.0,25.0,50.0,50.0,50.0,50.0,50.0,50.0,50.0,50.0,50.0,50.0,50.0,50.0,50.0,50.0,50.0,50.0,50.0,50.0,50.0,50.0,75.0,75.0,75.0,75.0,75.0,75.0,75.0,75.0,75.0,75.0
A,Annual,LBN,Lebanon,WB_GS_SG_LAW_INDX_WP,"Women, Business and the Law: Workplace Indicator Score (scale 1-100)",COUNT,Count,WB_GS,Gender Statistics,0,Units,A,Normal value,PU,Public,25.0,25.0,25.0,25.0,25.0,25.0,25.0,25.0,25.0,25.0,25.0,25.0,25.0,25.0,25.0,25.0,25.0,25.0,25.0,25.0,25.0,25.0,25.0,25.0,25.0,25.0,25.0,25.0,25.0,25.0,50.0,50.0,50.0,50.0,50.0,50.0,50.0,50.0,50.0,50.0,50.0,50.0,50.0,50.0,50.0,50.0,50.0,50.0,50.0,50.0,50.0,100.0,100.0,100.0
A,Annual,LBR,Liberia,WB_GS_SG_LAW_INDX_WP,"Women, Business and the Law: Workplace Indicator Score (scale 1-100)",COUNT,Count,WB_GS,Gender Statistics,0,Units,A,Normal value,PU,Public,0.0,0.0,0.0,25.0,25.0,25.0,25.0,25.0,25.0,25.0,25.0,25.0,25.0,25.0,25.0,25.0,25.0,25.0,25.0,25.0,25.0,25.0,25.0,25.0,25.0,25.0,25.0,25.0,25.0,25.0,25.0,25.0,25.0,25.0,25.0,25.0,25.0,25.0,25.0,25.0,25.0,25.0,25.0,25.0,25.0,25.0,100.0,100.0,100.0,100.0,100.0,100.0,100.0,100.0
A,Annual,LBY,Libya,WB_GS_SG_LAW_INDX_WP,"Women, Business and the Law: Workplace Indicator Score (scale 1-100)",COUNT,Count,WB_GS,Gender Statistics,0,Units,A,Normal value,PU,Public,25.0,25.0,25.0,25.0,25.0,25.0,25.0,25.0,25.0,25.0,25.0,25.0,25.0,25.0,25.0,25.0,25.0,25.0,25.0,25.0,25.0,25.0,25.0,25.0,25.0,25.0,25.0,25.0,25.0,25.0,25.0,25.0,25.0,25.0,25.0,25.0,25.0,25.0,25.0,25.0,50.0,50.0,50.0,50.0,50.0,50.0,50.0,50.0,50.0,50.0,50.0,50.0,50.0,50.0
A,Annual,LCA,St. Lucia,WB_GS_SG_LAW_INDX_WP,"Women, Business and the Law: Workplace Indicator Score (scale 1-100)",COUNT,Count,WB_GS,Gender Statistics,0,Units,A,Normal value,PU,Public,25.0,25.0,25.0,25.0,25.0,25.0,25.0,25.0,25.0,25.0,25.0,25.0,25.0,25.0,25.0,25.0,25.0,25.0,25.0,25.0,25.0,25.0,25.0,25.0,25.0,25.0,25.0,25.0,25.0,25.0,100.0,100.0,100.0,100.0,100.0,100.0,100.0,100.0,100.0,100.0,100.0,100.0,100.0,100.0,100.0,100.0,100.0,100.0,100.0,100.0,100.0,100.0,100.0,100.0
A,Annual,LCN,Latin America & Caribbean,WB_GS_SG_LAW_INDX_WP,"Women, Business and the Law: Workplace Indicator Score (scale 1-100)",COUNT,Count,WB_GS,Gender Statistics,0,Units,A,Normal value,PU,Public,17.96875,18.75,18.75,17.96875,17.96875,18.75,20.3125,20.3125,20.3125,21.09375,21.09375,21.875,21.875,22.65625,23.4375,24.21875,24.21875,24.21875,26.5625,26.5625,28.125,30.46875,33.59375,33.59375,35.9375,38.28125,39.0625,46.09375,50.0,52.34375,57.03125,59.375,60.15625,61.71875,61.71875,62.5,64.0625,65.625,67.1875,68.75,70.3125,70.3125,71.09375,73.4375,74.21875,75.0,75.0,75.0,76.5625,77.34375,78.125,78.125,78.125,81.25
A,Annual,LIC,Low income,WB_GS_SG_LAW_INDX_WP,"Women, Business and the Law: Workplace Indicator Score (scale 1-100)",COUNT,Count,WB_GS,Gender Statistics,0,Units,A,Normal value,PU,Public,15.0,15.0,15.0,17.0,17.0,17.0,17.0,17.0,17.0,17.0,17.0,17.0,17.0,17.0,17.0,17.0,18.0,18.0,18.0,18.0,19.0,19.0,19.0,23.0,24.0,25.0,25.0,27.0,28.0,28.0,29.0,31.0,32.0,33.0,35.0,39.0,42.0,48.0,51.0,59.0,60.0,61.0,61.0,64.0,64.0,64.0,70.0,73.0,75.0,75.0,77.0,77.0,76.0,77.0
A,Annual,LKA,Sri Lanka,WB_GS_SG_LAW_INDX_WP,"Women, Business and the Law: Workplace Indicator Score (scale 1-100)",COUNT,Count,WB_GS,Gender Statistics,0,Units,A,Normal value,PU,Public,25.0,25.0,25.0,25.0,25.0,25.0,25.0,25.0,25.0,25.0,25.0,25.0,25.0,25.0,25.0,25.0,25.0,25.0,25.0,25.0,25.0,25.0,25.0,25.0,25.0,25.0,75.0,75.0,75.0,75.0,75.0,75.0,75.0,75.0,75.0,75.0,75.0,75.0,75.0,75.0,75.0,75.0,75.0,75.0,75.0,75.0,75.0,75.0,75.0,75.0,75.0,75.0,75.0,75.0
A,Annual,LMC,Lower middle income,WB_GS_SG_LAW_INDX_WP,"Women, Business and the Law: Workplace Indicator Score (scale 1-100)",COUNT,Count,WB_GS,Gender Statistics,0,Units,A,Normal value,PU,Public,15.7407407407407,15.7407407407407,15.7407407407407,15.7407407407407,15.7407407407407,15.7407407407407,15.7407407407407,15.7407407407407,16.2037037037037,16.6666666666667,16.6666666666667,17.1296296296296,17.5925925925926,18.5185185185185,19.4444444444444,19.9074074074074,19.9074074074074,19.9074074074074,21.2962962962963,21.2962962962963,21.7592592592593,22.6851851851852,22.6851851851852,24.537037037037,25.0,26.8518518518519,28.7037037037037,31.4814814814815,33.7962962962963,35.6481481481481,37.037037037037,37.037037037037,38.4259259259259,39.8148148148148,43.5185185185185,45.8333333333333,48.1481481481481,51.8518518518519,54.1666666666667,55.0925925925926,56.4814814814815,57.4074074074074,58.3333333333333,63.8888888888889,65.7407407407407,68.0555555555556,69.9074074074074,71.7592592592593,73.1481481481482,74.537037037037,75.0,76.8518518518518,77.7777777777778,79.1666666666667
A,Annual,LSO,Lesotho,WB_GS_SG_LAW_INDX_WP,"Women, Business and the Law: Workplace Indicator Score (scale 1-100)",COUNT,Count,WB_GS,Gender Statistics,0,Units,A,Normal value,PU,Public,0.0,0.0,0.0,0.0,0.0,0.0,0.0,0.0,0.0,0.0,0.0,0.0,0.0,0.0,0.0,0.0,0.0,0.0,0.0,0.0,0.0,0.0,0.0,50.0,50.0,50.0,50.0,50.0,50.0,50.0,50.0,50.0,50.0,50.0,50.0,50.0,50.0,75.0,75.0,75.0,75.0,75.0,75.0,75.0,75.0,75.0,75.0,75.0,75.0,75.0,75.0,75.0,75.0,75.0
A,Annual,LTU,Lithuania,WB_GS_SG_LAW_INDX_WP,"Women, Business and the Law: Workplace Indicator Score (scale 1-100)",COUNT,Count,WB_GS,Gender Statistics,0,Units,A,Normal value,PU,Public,25.0,25.0,50.0,50.0,50.0,50.0,50.0,50.0,50.0,50.0,50.0,50.0,50.0,50.0,50.0,50.0,50.0,50.0,50.0,50.0,50.0,50.0,50.0,50.0,50.0,50.0,50.0,50.0,50.0,75.0,75.0,100.0,100.0,100.0,100.0,100.0,100.0,100.0,100.0,100.0,100.0,100.0,100.0,100.0,100.0,100.0,100.0,100.0,100.0,100.0,100.0,100.0,100.0,100.0
A,Annual,LUX,Luxembourg,WB_GS_SG_LAW_INDX_WP,"Women, Business and the Law: Workplace Indicator Score (scale 1-100)",COUNT,Count,WB_GS,Gender Statistics,0,Units,A,Normal value,PU,Public,0.0,0.0,0.0,25.0,25.0,25.0,25.0,25.0,25.0,25.0,25.0,25.0,50.0,50.0,50.0,50.0,50.0,50.0,50.0,50.0,50.0,50.0,50.0,50.0,50.0,50.0,50.0,50.0,50.0,50.0,100.0,100.0,100.0,100.0,100.0,100.0,100.0,100.0,100.0,100.0,100.0,100.0,100.0,100.0,100.0,100.0,100.0,100.0,100.0,100.0,100.0,100.0,100.0,100.0
A,Annual,LVA,Latvia,WB_GS_SG_LAW_INDX_WP,"Women, Business and the Law: Workplace Indicator Score (scale 1-100)",COUNT,Count,WB_GS,Gender Statistics,0,Units,A,Normal value,PU,Public,25.0,25.0,25.0,25.0,25.0,25.0,25.0,25.0,25.0,25.0,25.0,25.0,25.0,25.0,25.0,25.0,25.0,25.0,25.0,25.0,25.0,25.0,25.0,25.0,25.0,25.0,25.0,25.0,25.0,25.0,25.0,25.0,50.0,50.0,100.0,100.0,100.0,100.0,100.0,100.0,100.0,100.0,100.0,100.0,100.0,100.0,100.0,100.0,100.0,100.0,100.0,100.0,100.0,100.0
A,Annual,MAR,Morocco,WB_GS_SG_LAW_INDX_WP,"Women, Business and the Law: Workplace Indicator Score (scale 1-100)",COUNT,Count,WB_GS,Gender Statistics,0,Units,A,Normal value,PU,Public,0.0,0.0,0.0,0.0,0.0,0.0,0.0,0.0,0.0,0.0,0.0,0.0,0.0,0.0,0.0,0.0,0.0,0.0,0.0,0.0,0.0,0.0,0.0,0.0,0.0,0.0,25.0,25.0,25.0,25.0,25.0,25.0,25.0,25.0,100.0,100.0,100.0,100.0,100.0,100.0,100.0,100.0,100.0,100.0,100.0,100.0,100.0,100.0,100.0,100.0,100.0,100.0,100.0,100.0
A,Annual,MDA,Moldova,WB_GS_SG_LAW_INDX_WP,"Women, Business and the Law: Workplace Indicator Score (scale 1-100)",COUNT,Count,WB_GS,Gender Statistics,0,Units,A,Normal value,PU,Public,25.0,25.0,25.0,25.0,25.0,25.0,25.0,25.0,25.0,25.0,25.0,25.0,25.0,25.0,25.0,25.0,25.0,25.0,25.0,25.0,25.0,25.0,25.0,25.0,25.0,25.0,25.0,25.0,25.0,25.0,25.0,25.0,25.0,50.0,50.0,50.0,75.0,75.0,75.0,75.0,75.0,75.0,75.0,75.0,75.0,75.0,75.0,75.0,75.0,75.0,75.0,75.0,75.0,100.0
A,Annual,MDG,Madagascar,WB_GS_SG_LAW_INDX_WP,"Women, Business and the Law: Workplace Indicator Score (scale 1-100)",COUNT,Count,WB_GS,Gender Statistics,0,Units,A,Normal value,PU,Public,25.0,25.0,25.0,25.0,25.0,25.0,25.0,25.0,25.0,25.0,25.0,25.0,25.0,25.0,25.0,25.0,25.0,25.0,25.0,25.0,25.0,25.0,25.0,25.0,25.0,25.0,25.0,25.0,25.0,25.0,25.0,75.0,75.0,75.0,75.0,100.0,100.0,100.0,100.0,100.0,100.0,100.0,100.0,100.0,100.0,100.0,100.0,100.0,100.0,100.0,100.0,100.0,100.0,100.0
A,Annual,MDV,Maldives,WB_GS_SG_LAW_INDX_WP,"Women, Business and the Law: Workplace Indicator Score (scale 1-100)",COUNT,Count,WB_GS,Gender Statistics,0,Units,A,Normal value,PU,Public,25.0,25.0,25.0,25.0,25.0,25.0,25.0,25.0,25.0,25.0,25.0,25.0,25.0,25.0,25.0,25.0,25.0,25.0,25.0,25.0,25.0,25.0,25.0,25.0,25.0,25.0,25.0,25.0,25.0,25.0,25.0,25.0,25.0,25.0,25.0,25.0,25.0,25.0,50.0,50.0,50.0,50.0,50.0,50.0,100.0,100.0,100.0,100.0,100.0,100.0,100.0,100.0,100.0,100.0
A,Annual,MEA,Middle East and North Africa,WB_GS_SG_LAW_INDX_WP,"Women, Business and the Law: Workplace Indicator Score (scale 1-100)",COUNT,Count,WB_GS,Gender Statistics,0,Units,A,Normal value,PU,Public,10.0,10.0,10.0,10.0,10.0,10.0,10.0,10.0,10.0,10.0,10.0,11.25,11.25,11.25,11.25,11.25,11.25,12.5,12.5,12.5,12.5,12.5,12.5,12.5,12.5,13.75,15.0,15.0,15.0,15.0,17.5,17.5,17.5,22.5,26.25,30.0,31.25,31.25,31.25,31.25,33.75,33.75,33.75,35.0,35.0,37.5,40.0,40.0,45.0,55.0,56.25,62.5,62.5,66.25
A,Annual,MEX,Mexico,WB_GS_SG_LAW_INDX_WP,"Women, Business and the Law: Workplace Indicator Score (scale 1-100)",COUNT,Count,WB_GS,Gender Statistics,0,Units,A,Normal value,PU,Public,0.0,0.0,0.0,0.0,0.0,25.0,25.0,25.0,25.0,25.0,25.0,25.0,25.0,25.0,25.0,25.0,25.0,25.0,25.0,25.0,25.0,75.0,75.0,75.0,75.0,75.0,75.0,75.0,75.0,75.0,75.0,75.0,75.0,75.0,75.0,75.0,75.0,75.0,75.0,75.0,75.0,75.0,75.0,100.0,100.0,100.0,100.0,100.0,100.0,100.0,100.0,100.0,100.0,100.0
A,Annual,MHL,Marshall Islands,WB_GS_SG_LAW_INDX_WP,"Women, Business and the Law: Workplace Indicator Score (scale 1-100)",COUNT,Count,WB_GS,Gender Statistics,0,Units,A,Normal value,PU,Public,25.0,25.0,25.0,25.0,25.0,25.0,25.0,25.0,25.0,25.0,25.0,25.0,25.0,25.0,25.0,25.0,25.0,25.0,25.0,25.0,25.0,25.0,25.0,25.0,25.0,25.0,25.0,25.0,25.0,25.0,25.0,25.0,25.0,25.0,25.0,25.0,25.0,25.0,25.0,25.0,25.0,25.0,25.0,25.0,25.0,25.0,25.0,25.0,25.0,25.0,50.0,50.0,50.0,50.0
A,Annual,MKD,North Macedonia,WB_GS_SG_LAW_INDX_WP,"Women, Business and the Law: Workplace Indicator Score (scale 1-100)",COUNT,Count,WB_GS,Gender Statistics,0,Units,A,Normal value,PU,Public,25.0,25.0,25.0,25.0,25.0,25.0,25.0,25.0,25.0,25.0,25.0,25.0,25.0,25.0,25.0,25.0,25.0,25.0,25.0,25.0,25.0,25.0,25.0,25.0,25.0,25.0,25.0,25.0,25.0,25.0,25.0,25.0,25.0,50.0,50.0,50.0,100.0,100.0,100.0,100.0,100.0,100.0,100.0,100.0,100.0,100.0,100.0,100.0,100.0,100.0,100.0,100.0,100.0,100.0
A,Annual,MLI,Mali,WB_GS_SG_LAW_INDX_WP,"Women, Business and the Law: Workplace Indicator Score (scale 1-100)",COUNT,Count,WB_GS,Gender Statistics,0,Units,A,Normal value,PU,Public,25.0,25.0,25.0,25.0,25.0,25.0,25.0,25.0,25.0,25.0,25.0,25.0,25.0,25.0,25.0,25.0,25.0,25.0,25.0,25.0,25.0,25.0,25.0,25.0,25.0,25.0,25.0,25.0,25.0,25.0,25.0,25.0,25.0,25.0,25.0,25.0,25.0,25.0,25.0,25.0,25.0,25.0,25.0,25.0,25.0,25.0,25.0,25.0,50.0,50.0,50.0,50.0,50.0,50.0
A,Annual,MLT,Malta,WB_GS_SG_LAW_INDX_WP,"Women, Business and the Law: Workplace Indicator Score (scale 1-100)",COUNT,Count,WB_GS,Gender Statistics,0,Units,A,Normal value,PU,Public,0.0,0.0,0.0,0.0,0.0,0.0,0.0,0.0,0.0,0.0,0.0,25.0,25.0,25.0,25.0,25.0,25.0,25.0,25.0,25.0,25.0,25.0,25.0,25.0,25.0,25.0,25.0,25.0,25.0,25.0,25.0,25.0,25.0,75.0,75.0,100.0,100.0,100.0,100.0,100.0,100.0,100.0,100.0,100.0,100.0,100.0,100.0,100.0,100.0,100.0,100.0,100.0,100.0,100.0
A,Annual,MMR,Myanmar,WB_GS_SG_LAW_INDX_WP,"Women, Business and the Law: Workplace Indicator Score (scale 1-100)",COUNT,Count,WB_GS,Gender Statistics,0,Units,A,Normal value,PU,Public,25.0,25.0,25.0,25.0,25.0,25.0,25.0,25.0,25.0,25.0,25.0,25.0,25.0,25.0,25.0,25.0,25.0,25.0,25.0,25.0,25.0,25.0,25.0,25.0,25.0,25.0,25.0,25.0,25.0,25.0,25.0,25.0,25.0,25.0,25.0,25.0,25.0,25.0,25.0,25.0,25.0,25.0,25.0,25.0,25.0,25.0,25.0,25.0,25.0,25.0,25.0,25.0,25.0,25.0
A,Annual,MNE,Montenegro,WB_GS_SG_LAW_INDX_WP,"Women, Business and the Law: Workplace Indicator Score (scale 1-100)",COUNT,Count,WB_GS,Gender Statistics,0,Units,A,Normal value,PU,Public,25.0,25.0,25.0,25.0,25.0,25.0,25.0,25.0,25.0,25.0,25.0,25.0,25.0,25.0,25.0,25.0,25.0,25.0,25.0,25.0,25.0,25.0,25.0,25.0,25.0,25.0,25.0,25.0,25.0,25.0,25.0,25.0,25.0,25.0,50.0,50.0,50.0,50.0,75.0,75.0,75.0,75.0,75.0,100.0,100.0,100.0,100.0,100.0,100.0,100.0,100.0,100.0,100.0,100.0
A,Annual,MNG,Mongolia,WB_GS_SG_LAW_INDX_WP,"Women, Business and the Law: Workplace Indicator Score (scale 1-100)",COUNT,Count,WB_GS,Gender Statistics,0,Units,A,Normal value,PU,Public,25.0,25.0,25.0,25.0,25.0,25.0,25.0,25.0,25.0,25.0,25.0,25.0,25.0,25.0,25.0,25.0,25.0,25.0,25.0,25.0,50.0,50.0,50.0,50.0,50.0,50.0,50.0,50.0,50.0,50.0,50.0,50.0,50.0,50.0,50.0,50.0,50.0,50.0,50.0,50.0,50.0,100.0,100.0,100.0,100.0,100.0,100.0,100.0,100.0,100.0,100.0,100.0,100.0,100.0
A,Annual,MOZ,Mozambique,WB_GS_SG_LAW_INDX_WP,"Women, Business and the Law: Workplace Indicator Score (scale 1-100)",COUNT,Count,WB_GS,Gender Statistics,0,Units,A,Normal value,PU,Public,0.0,0.0,0.0,0.0,0.0,0.0,0.0,0.0,0.0,0.0,0.0,0.0,0.0,0.0,0.0,0.0,0.0,0.0,0.0,0.0,0.0,0.0,0.0,0.0,0.0,0.0,0.0,0.0,0.0,0.0,0.0,0.0,0.0,0.0,0.0,25.0,25.0,25.0,100.0,100.0,100.0,100.0,100.0,100.0,100.0,100.0,100.0,100.0,100.0,100.0,100.0,100.0,100.0,100.0
A,Annual,MRT,Mauritania,WB_GS_SG_LAW_INDX_WP,"Women, Business and the Law: Workplace Indicator Score (scale 1-100)",COUNT,Count,WB_GS,Gender Statistics,0,Units,A,Normal value,PU,Public,25.0,25.0,25.0,25.0,25.0,25.0,25.0,25.0,25.0,25.0,25.0,25.0,25.0,25.0,25.0,25.0,25.0,25.0,25.0,25.0,25.0,25.0,25.0,25.0,25.0,25.0,25.0,25.0,25.0,25.0,25.0,25.0,25.0,25.0,25.0,25.0,25.0,25.0,25.0,25.0,25.0,25.0,25.0,25.0,25.0,25.0,25.0,25.0,25.0,25.0,25.0,25.0,25.0,25.0
A,Annual,MUS,Mauritius,WB_GS_SG_LAW_INDX_WP,"Women, Business and the Law: Workplace Indicator Score (scale 1-100)",COUNT,Count,WB_GS,Gender Statistics,0,Units,A,Normal value,PU,Public,25.0,25.0,25.0,25.0,25.0,25.0,25.0,25.0,25.0,25.0,25.0,25.0,25.0,25.0,25.0,25.0,25.0,25.0,25.0,25.0,25.0,25.0,25.0,25.0,25.0,25.0,25.0,25.0,25.0,75.0,75.0,75.0,75.0,75.0,75.0,75.0,75.0,75.0,75.0,100.0,100.0,100.0,100.0,100.0,100.0,100.0,100.0,100.0,100.0,100.0,100.0,100.0,100.0,100.0
A,Annual,MWI,Malawi,WB_GS_SG_LAW_INDX_WP,"Women, Business and the Law: Workplace Indicator Score (scale 1-100)",COUNT,Count,WB_GS,Gender Statistics,0,Units,A,Normal value,PU,Public,25.0,25.0,25.0,25.0,25.0,25.0,25.0,25.0,25.0,25.0,25.0,25.0,25.0,25.0,25.0,25.0,25.0,25.0,25.0,25.0,25.0,25.0,25.0,25.0,25.0,25.0,25.0,25.0,25.0,25.0,50.0,50.0,50.0,50.0,50.0,50.0,50.0,50.0,50.0,50.0,50.0,50.0,50.0,100.0,100.0,100.0,100.0,100.0,100.0,100.0,100.0,100.0,100.0,100.0
A,Annual,MYS,Malaysia,WB_GS_SG_LAW_INDX_WP,"Women, Business and the Law: Workplace Indicator Score (scale 1-100)",COUNT,Count,WB_GS,Gender Statistics,0,Units,A,Normal value,PU,Public,25.0,25.0,25.0,25.0,25.0,25.0,25.0,25.0,25.0,25.0,25.0,25.0,25.0,25.0,25.0,25.0,25.0,25.0,25.0,25.0,25.0,25.0,25.0,25.0,25.0,25.0,25.0,25.0,25.0,25.0,25.0,25.0,25.0,25.0,25.0,25.0,25.0,25.0,25.0,25.0,25.0,25.0,50.0,50.0,50.0,50.0,50.0,50.0,50.0,50.0,50.0,50.0,50.0,50.0
A,Annual,NAC,North America,WB_GS_SG_LAW_INDX_WP,"Women, Business and the Law: Workplace Indicator Score (scale 1-100)",COUNT,Count,WB_GS,Gender Statistics,0,Units,A,Normal value,PU,Public,50.0,50.0,50.0,50.0,50.0,50.0,50.0,50.0,50.0,50.0,50.0,75.0,75.0,75.0,75.0,87.5,87.5,87.5,87.5,87.5,100.0,100.0,100.0,100.0,100.0,100.0,100.0,100.0,100.0,100.0,100.0,100.0,100.0,100.0,100.0,100.0,100.0,100.0,100.0,100.0,100.0,100.0,100.0,100.0,100.0,100.0,100.0,100.0,100.0,100.0,100.0,100.0,100.0,
A,Annual,NAM,Namibia,WB_GS_SG_LAW_INDX_WP,"Women, Business and the Law: Workplace Indicator Score (scale 1-100)",COUNT,Count,WB_GS,Gender Statistics,0,Units,A,Normal value,PU,Public,0.0,0.0,0.0,0.0,0.0,0.0,0.0,0.0,0.0,0.0,0.0,0.0,0.0,0.0,0.0,0.0,0.0,0.0,0.0,0.0,0.0,0.0,0.0,0.0,0.0,0.0,25.0,25.0,25.0,25.0,25.0,25.0,25.0,25.0,25.0,25.0,25.0,25.0,75.0,75.0,75.0,75.0,75.0,75.0,75.0,75.0,75.0,75.0,75.0,75.0,75.0,75.0,75.0,75.0
A,Annual,NER,Niger,WB_GS_SG_LAW_INDX_WP,"Women, Business and the Law: Workplace Indicator Score (scale 1-100)",COUNT,Count,WB_GS,Gender Statistics,0,Units,A,Normal value,PU,Public,0.0,0.0,0.0,0.0,0.0,0.0,0.0,0.0,0.0,0.0,0.0,0.0,0.0,0.0,0.0,0.0,0.0,0.0,0.0,0.0,0.0,0.0,0.0,0.0,0.0,0.0,0.0,25.0,25.0,25.0,25.0,25.0,25.0,25.0,75.0,75.0,75.0,75.0,75.0,75.0,75.0,75.0,75.0,75.0,75.0,75.0,75.0,75.0,75.0,75.0,75.0,75.0,75.0,75.0
A,Annual,NGA,Nigeria,WB_GS_SG_LAW_INDX_WP,"Women, Business and the Law: Workplace Indicator Score (scale 1-100)",COUNT,Count,WB_GS,Gender Statistics,0,Units,A,Normal value,PU,Public,25.0,25.0,25.0,25.0,25.0,25.0,25.0,25.0,25.0,25.0,25.0,25.0,25.0,25.0,25.0,25.0,25.0,25.0,25.0,25.0,25.0,25.0,25.0,25.0,25.0,25.0,25.0,25.0,25.0,25.0,25.0,25.0,25.0,25.0,25.0,25.0,25.0,25.0,25.0,25.0,25.0,25.0,75.0,75.0,75.0,75.0,75.0,75.0,75.0,75.0,75.0,75.0,75.0,75.0
A,Annual,NIC,Nicaragua,WB_GS_SG_LAW_INDX_WP,"Women, Business and the Law: Workplace Indicator Score (scale 1-100)",COUNT,Count,WB_GS,Gender Statistics,0,Units,A,Normal value,PU,Public,25.0,25.0,25.0,25.0,25.0,25.0,25.0,25.0,25.0,25.0,25.0,25.0,25.0,25.0,25.0,25.0,25.0,25.0,25.0,25.0,25.0,25.0,25.0,25.0,25.0,25.0,25.0,50.0,50.0,50.0,50.0,50.0,50.0,50.0,50.0,50.0,50.0,50.0,100.0,100.0,100.0,100.0,100.0,100.0,100.0,100.0,100.0,100.0,100.0,100.0,100.0,100.0,100.0,100.0
A,Annual,NLD,Netherlands,WB_GS_SG_LAW_INDX_WP,"Women, Business and the Law: Workplace Indicator Score (scale 1-100)",COUNT,Count,WB_GS,Gender Statistics,0,Units,A,Normal value,PU,Public,25.0,25.0,25.0,25.0,25.0,25.0,25.0,25.0,25.0,25.0,50.0,50.0,50.0,50.0,50.0,50.0,50.0,50.0,50.0,50.0,50.0,50.0,50.0,50.0,50.0,50.0,50.0,50.0,50.0,75.0,75.0,75.0,75.0,75.0,75.0,75.0,75.0,100.0,100.0,100.0,100.0,100.0,100.0,100.0,100.0,100.0,100.0,100.0,100.0,100.0,100.0,100.0,100.0,100.0
A,Annual,NOR,Norway,WB_GS_SG_LAW_INDX_WP,"Women, Business and the Law: Workplace Indicator Score (scale 1-100)",COUNT,Count,WB_GS,Gender Statistics,0,Units,A,Normal value,PU,Public,25.0,25.0,25.0,25.0,25.0,25.0,25.0,25.0,25.0,50.0,50.0,50.0,50.0,50.0,50.0,50.0,50.0,50.0,50.0,50.0,50.0,50.0,50.0,50.0,50.0,50.0,50.0,50.0,50.0,50.0,50.0,50.0,50.0,100.0,100.0,100.0,100.0,100.0,100.0,100.0,100.0,100.0,100.0,100.0,100.0,100.0,100.0,100.0,100.0,100.0,100.0,100.0,100.0,100.0
A,Annual,NPL,Nepal,WB_GS_SG_LAW_INDX_WP,"Women, Business and the Law: Workplace Indicator Score (scale 1-100)",COUNT,Count,WB_GS,Gender Statistics,0,Units,A,Normal value,PU,Public,25.0,25.0,25.0,25.0,25.0,25.0,25.0,25.0,25.0,25.0,25.0,25.0,25.0,25.0,25.0,25.0,25.0,25.0,25.0,25.0,25.0,25.0,25.0,25.0,25.0,25.0,25.0,25.0,25.0,25.0,25.0,25.0,25.0,25.0,25.0,25.0,25.0,25.0,25.0,25.0,25.0,25.0,25.0,25.0,25.0,75.0,75.0,75.0,100.0,100.0,100.0,100.0,100.0,100.0
A,Annual,NZL,New Zealand,WB_GS_SG_LAW_INDX_WP,"Women, Business and the Law: Workplace Indicator Score (scale 1-100)",COUNT,Count,WB_GS,Gender Statistics,0,Units,A,Normal value,PU,Public,25.0,25.0,25.0,25.0,25.0,25.0,25.0,25.0,50.0,50.0,50.0,50.0,50.0,50.0,50.0,50.0,50.0,100.0,100.0,100.0,100.0,100.0,100.0,100.0,100.0,100.0,100.0,100.0,100.0,100.0,100.0,100.0,100.0,100.0,100.0,100.0,100.0,100.0,100.0,100.0,100.0,100.0,100.0,100.0,100.0,100.0,100.0,100.0,100.0,100.0,100.0,100.0,100.0,100.0
A,Annual,OMN,Oman,WB_GS_SG_LAW_INDX_WP,"Women, Business and the Law: Workplace Indicator Score (scale 1-100)",COUNT,Count,WB_GS,Gender Statistics,0,Units,A,Normal value,PU,Public,25.0,25.0,25.0,25.0,25.0,25.0,25.0,25.0,25.0,25.0,25.0,25.0,25.0,25.0,25.0,25.0,25.0,25.0,25.0,25.0,25.0,25.0,25.0,25.0,25.0,25.0,25.0,25.0,25.0,25.0,25.0,25.0,25.0,50.0,50.0,50.0,50.0,50.0,50.0,50.0,50.0,50.0,50.0,50.0,50.0,50.0,50.0,50.0,50.0,50.0,50.0,50.0,50.0,50.0
A,Annual,PAK,Pakistan,WB_GS_SG_LAW_INDX_WP,"Women, Business and the Law: Workplace Indicator Score (scale 1-100)",COUNT,Count,WB_GS,Gender Statistics,0,Units,A,Normal value,PU,Public,25.0,25.0,25.0,25.0,25.0,25.0,25.0,25.0,25.0,25.0,25.0,25.0,25.0,25.0,25.0,25.0,25.0,25.0,25.0,25.0,25.0,25.0,25.0,25.0,25.0,25.0,25.0,25.0,25.0,25.0,25.0,25.0,25.0,25.0,25.0,25.0,25.0,25.0,25.0,25.0,75.0,75.0,75.0,75.0,75.0,75.0,75.0,100.0,100.0,100.0,100.0,100.0,100.0,100.0
A,Annual,PAN,Panama,WB_GS_SG_LAW_INDX_WP,"Women, Business and the Law: Workplace Indicator Score (scale 1-100)",COUNT,Count,WB_GS,Gender Statistics,0,Units,A,Normal value,PU,Public,0.0,0.0,0.0,0.0,0.0,0.0,0.0,0.0,0.0,0.0,0.0,0.0,0.0,0.0,0.0,0.0,0.0,0.0,0.0,0.0,0.0,0.0,0.0,0.0,0.0,25.0,50.0,50.0,50.0,50.0,50.0,50.0,50.0,50.0,50.0,75.0,75.0,75.0,75.0,75.0,75.0,75.0,75.0,75.0,100.0,100.0,100.0,100.0,100.0,100.0,100.0,100.0,100.0,100.0
A,Annual,PER,Peru,WB_GS_SG_LAW_INDX_WP,"Women, Business and the Law: Workplace Indicator Score (scale 1-100)",COUNT,Count,WB_GS,Gender Statistics,0,Units,A,Normal value,PU,Public,0.0,0.0,0.0,0.0,0.0,0.0,0.0,0.0,0.0,0.0,0.0,0.0,0.0,0.0,0.0,25.0,25.0,25.0,25.0,25.0,25.0,25.0,25.0,25.0,25.0,25.0,25.0,50.0,50.0,50.0,50.0,50.0,50.0,100.0,100.0,100.0,100.0,100.0,100.0,100.0,100.0,100.0,100.0,100.0,100.0,100.0,100.0,100.0,100.0,100.0,100.0,100.0,100.0,100.0
A,Annual,PHL,Philippines,WB_GS_SG_LAW_INDX_WP,"Women, Business and the Law: Workplace Indicator Score (scale 1-100)",COUNT,Count,WB_GS,Gender Statistics,0,Units,A,Normal value,PU,Public,25.0,25.0,25.0,25.0,25.0,25.0,25.0,25.0,25.0,25.0,25.0,25.0,25.0,25.0,25.0,25.0,25.0,25.0,50.0,50.0,50.0,50.0,50.0,50.0,50.0,100.0,100.0,100.0,100.0,100.0,100.0,100.0,100.0,100.0,100.0,100.0,100.0,100.0,100.0,100.0,100.0,100.0,100.0,100.0,100.0,100.0,100.0,100.0,100.0,100.0,100.0,100.0,100.0,100.0
A,Annual,PLW,Palau,WB_GS_SG_LAW_INDX_WP,"Women, Business and the Law: Workplace Indicator Score (scale 1-100)",COUNT,Count,WB_GS,Gender Statistics,0,Units,A,Normal value,PU,Public,25.0,25.0,25.0,25.0,25.0,25.0,25.0,25.0,25.0,25.0,25.0,25.0,25.0,25.0,25.0,25.0,25.0,25.0,25.0,25.0,25.0,25.0,25.0,25.0,25.0,25.0,25.0,25.0,25.0,25.0,25.0,25.0,25.0,25.0,25.0,25.0,25.0,25.0,25.0,25.0,25.0,25.0,25.0,25.0,25.0,25.0,25.0,25.0,25.0,25.0,25.0,25.0,25.0,25.0
A,Annual,PNG,Papua New Guinea,WB_GS_SG_LAW_INDX_WP,"Women, Business and the Law: Workplace Indicator Score (scale 1-100)",COUNT,Count,WB_GS,Gender Statistics,0,Units,A,Normal value,PU,Public,25.0,25.0,25.0,25.0,25.0,25.0,25.0,25.0,25.0,50.0,50.0,50.0,50.0,50.0,50.0,50.0,50.0,50.0,50.0,50.0,50.0,50.0,50.0,50.0,50.0,50.0,50.0,50.0,50.0,50.0,50.0,50.0,50.0,50.0,50.0,50.0,50.0,50.0,50.0,50.0,50.0,50.0,50.0,50.0,50.0,50.0,50.0,50.0,50.0,50.0,50.0,50.0,50.0,50.0
A,Annual,POL,Poland,WB_GS_SG_LAW_INDX_WP,"Women, Business and the Law: Workplace Indicator Score (scale 1-100)",COUNT,Count,WB_GS,Gender Statistics,0,Units,A,Normal value,PU,Public,25.0,25.0,25.0,25.0,25.0,25.0,25.0,25.0,25.0,25.0,25.0,25.0,25.0,25.0,25.0,25.0,25.0,25.0,25.0,25.0,25.0,25.0,25.0,25.0,25.0,25.0,25.0,25.0,25.0,25.0,25.0,25.0,25.0,25.0,25.0,25.0,25.0,25.0,25.0,75.0,75.0,100.0,100.0,100.0,100.0,100.0,100.0,100.0,100.0,100.0,100.0,100.0,100.0,100.0
A,Annual,PRI,Puerto Rico,WB_GS_SG_LAW_INDX_WP,"Women, Business and the Law: Workplace Indicator Score (scale 1-100)",COUNT,Count,WB_GS,Gender Statistics,0,Units,A,Normal value,PU,Public,50.0,50.0,50.0,50.0,50.0,50.0,50.0,50.0,50.0,50.0,50.0,50.0,50.0,50.0,50.0,50.0,50.0,50.0,100.0,100.0,100.0,100.0,100.0,100.0,100.0,100.0,100.0,100.0,100.0,100.0,100.0,100.0,100.0,100.0,100.0,100.0,100.0,100.0,100.0,100.0,100.0,100.0,100.0,100.0,100.0,100.0,100.0,100.0,100.0,100.0,100.0,100.0,100.0,100.0
A,Annual,PRT,Portugal,WB_GS_SG_LAW_INDX_WP,"Women, Business and the Law: Workplace Indicator Score (scale 1-100)",COUNT,Count,WB_GS,Gender Statistics,0,Units,A,Normal value,PU,Public,0.0,0.0,0.0,0.0,0.0,0.0,0.0,0.0,25.0,25.0,25.0,25.0,25.0,25.0,25.0,25.0,25.0,25.0,25.0,25.0,25.0,25.0,25.0,25.0,25.0,25.0,25.0,25.0,25.0,25.0,25.0,25.0,25.0,25.0,100.0,100.0,100.0,100.0,100.0,100.0,100.0,100.0,100.0,100.0,100.0,100.0,100.0,100.0,100.0,100.0,100.0,100.0,100.0,100.0
A,Annual,PRY,Paraguay,WB_GS_SG_LAW_INDX_WP,"Women, Business and the Law: Workplace Indicator Score (scale 1-100)",COUNT,Count,WB_GS,Gender Statistics,0,Units,A,Normal value,PU,Public,0.0,0.0,0.0,0.0,0.0,0.0,0.0,0.0,0.0,0.0,0.0,0.0,0.0,0.0,0.0,0.0,0.0,0.0,0.0,0.0,0.0,0.0,0.0,0.0,50.0,50.0,50.0,50.0,100.0,100.0,100.0,100.0,100.0,100.0,100.0,100.0,100.0,100.0,100.0,100.0,100.0,100.0,100.0,100.0,100.0,100.0,100.0,100.0,100.0,100.0,100.0,100.0,100.0,100.0
A,Annual,PSE,West Bank and Gaza,WB_GS_SG_LAW_INDX_WP,"Women, Business and the Law: Workplace Indicator Score (scale 1-100)",COUNT,Count,WB_GS,Gender Statistics,0,Units,A,Normal value,PU,Public,0.0,0.0,0.0,0.0,0.0,0.0,0.0,0.0,0.0,0.0,0.0,0.0,0.0,0.0,0.0,0.0,0.0,0.0,0.0,0.0,0.0,0.0,0.0,0.0,0.0,0.0,0.0,0.0,0.0,0.0,25.0,25.0,25.0,25.0,25.0,25.0,25.0,25.0,25.0,25.0,25.0,25.0,25.0,25.0,25.0,25.0,25.0,25.0,25.0,25.0,25.0,25.0,25.0,25.0
A,Annual,QAT,Qatar,WB_GS_SG_LAW_INDX_WP,"Women, Business and the Law: Workplace Indicator Score (scale 1-100)",COUNT,Count,WB_GS,Gender Statistics,0,Units,A,Normal value,PU,Public,0.0,0.0,0.0,0.0,0.0,0.0,0.0,0.0,0.0,0.0,0.0,0.0,0.0,0.0,0.0,0.0,0.0,0.0,0.0,0.0,0.0,0.0,0.0,0.0,0.0,0.0,0.0,0.0,0.0,0.0,0.0,0.0,0.0,0.0,0.0,0.0,0.0,0.0,0.0,0.0,0.0,0.0,0.0,0.0,0.0,0.0,0.0,0.0,0.0,0.0,0.0,0.0,0.0,0.0
A,Annual,ROU,Romania,WB_GS_SG_LAW_INDX_WP,"Women, Business and the Law: Workplace Indicator Score (scale 1-100)",COUNT,Count,WB_GS,Gender Statistics,0,Units,A,Normal value,PU,Public,25.0,25.0,25.0,50.0,50.0,50.0,50.0,50.0,50.0,50.0,50.0,50.0,50.0,50.0,50.0,50.0,50.0,50.0,50.0,50.0,50.0,50.0,50.0,50.0,50.0,50.0,50.0,50.0,50.0,50.0,50.0,50.0,100.0,100.0,100.0,100.0,100.0,100.0,100.0,100.0,100.0,100.0,100.0,100.0,100.0,100.0,100.0,100.0,100.0,100.0,100.0,100.0,100.0,100.0
A,Annual,RUS,Russian Federation,WB_GS_SG_LAW_INDX_WP,"Women, Business and the Law: Workplace Indicator Score (scale 1-100)",COUNT,Count,WB_GS,Gender Statistics,0,Units,A,Normal value,PU,Public,25.0,25.0,50.0,50.0,50.0,50.0,50.0,50.0,50.0,50.0,50.0,50.0,50.0,50.0,50.0,50.0,50.0,50.0,50.0,50.0,50.0,50.0,50.0,50.0,50.0,50.0,50.0,50.0,50.0,50.0,50.0,50.0,50.0,50.0,50.0,50.0,50.0,50.0,50.0,50.0,50.0,50.0,50.0,50.0,50.0,50.0,50.0,50.0,50.0,50.0,50.0,50.0,50.0,50.0
A,Annual,RWA,Rwanda,WB_GS_SG_LAW_INDX_WP,"Women, Business and the Law: Workplace Indicator Score (scale 1-100)",COUNT,Count,WB_GS,Gender Statistics,0,Units,A,Normal value,PU,Public,25.0,25.0,25.0,25.0,25.0,25.0,25.0,25.0,25.0,25.0,25.0,25.0,25.0,25.0,25.0,25.0,25.0,25.0,25.0,25.0,25.0,25.0,25.0,25.0,25.0,25.0,25.0,25.0,25.0,25.0,25.0,25.0,50.0,50.0,50.0,50.0,50.0,50.0,50.0,100.0,100.0,100.0,100.0,100.0,100.0,100.0,100.0,100.0,100.0,100.0,100.0,100.0,100.0,100.0
A,Annual,SAS,South Asia,WB_GS_SG_LAW_INDX_WP,"Women, Business and the Law: Workplace Indicator Score (scale 1-100)",COUNT,Count,WB_GS,Gender Statistics,0,Units,A,Normal value,PU,Public,25.0,25.0,25.0,25.0,25.0,25.0,25.0,25.0,25.0,25.0,25.0,25.0,25.0,25.0,25.0,25.0,25.0,25.0,28.125,28.125,28.125,28.125,28.125,28.125,28.125,28.125,34.375,34.375,40.625,40.625,40.625,40.625,40.625,40.625,40.625,40.625,40.625,50.0,53.125,56.25,62.5,62.5,62.5,62.5,68.75,75.0,81.25,84.375,87.5,87.5,87.5,87.5,84.375,84.375
A,Annual,SAU,Saudi Arabia,WB_GS_SG_LAW_INDX_WP,"Women, Business and the Law: Workplace Indicator Score (scale 1-100)",COUNT,Count,WB_GS,Gender Statistics,0,Units,A,Normal value,PU,Public,25.0,25.0,25.0,25.0,25.0,25.0,25.0,25.0,25.0,25.0,25.0,25.0,25.0,25.0,25.0,25.0,25.0,25.0,25.0,25.0,25.0,25.0,25.0,25.0,25.0,25.0,25.0,25.0,25.0,25.0,25.0,25.0,25.0,25.0,25.0,25.0,25.0,25.0,25.0,25.0,25.0,25.0,25.0,25.0,25.0,25.0,25.0,25.0,75.0,100.0,100.0,100.0,100.0,100.0
A,Annual,SDN,Sudan,WB_GS_SG_LAW_INDX_WP,"Women, Business and the Law: Workplace Indicator Score (scale 1-100)",COUNT,Count,WB_GS,Gender Statistics,0,Units,A,Normal value,PU,Public,0.0,0.0,0.0,0.0,0.0,0.0,0.0,0.0,0.0,0.0,0.0,0.0,0.0,0.0,0.0,0.0,0.0,0.0,0.0,0.0,0.0,0.0,0.0,0.0,0.0,0.0,0.0,0.0,0.0,0.0,0.0,0.0,0.0,0.0,0.0,0.0,0.0,0.0,0.0,0.0,0.0,0.0,0.0,0.0,0.0,0.0,0.0,0.0,0.0,0.0,0.0,0.0,0.0,0.0
A,Annual,SEN,Senegal,WB_GS_SG_LAW_INDX_WP,"Women, Business and the Law: Workplace Indicator Score (scale 1-100)",COUNT,Count,WB_GS,Gender Statistics,0,Units,A,Normal value,PU,Public,0.0,0.0,0.0,25.0,25.0,25.0,25.0,25.0,25.0,25.0,25.0,25.0,25.0,25.0,25.0,25.0,25.0,25.0,25.0,25.0,25.0,25.0,25.0,25.0,25.0,25.0,25.0,25.0,25.0,75.0,75.0,75.0,75.0,75.0,75.0,75.0,75.0,75.0,75.0,75.0,75.0,75.0,75.0,75.0,75.0,75.0,75.0,75.0,75.0,75.0,100.0,100.0,100.0,100.0
A,Annual,SGP,Singapore,WB_GS_SG_LAW_INDX_WP,"Women, Business and the Law: Workplace Indicator Score (scale 1-100)",COUNT,Count,WB_GS,Gender Statistics,0,Units,A,Normal value,PU,Public,25.0,25.0,25.0,25.0,25.0,25.0,25.0,25.0,25.0,25.0,25.0,25.0,25.0,25.0,25.0,25.0,25.0,25.0,25.0,25.0,25.0,25.0,25.0,25.0,25.0,25.0,25.0,25.0,25.0,25.0,25.0,25.0,25.0,25.0,25.0,25.0,25.0,25.0,25.0,25.0,25.0,25.0,25.0,25.0,75.0,75.0,75.0,75.0,75.0,75.0,75.0,75.0,75.0,75.0
A,Annual,SLB,Solomon Islands,WB_GS_SG_LAW_INDX_WP,"Women, Business and the Law: Workplace Indicator Score (scale 1-100)",COUNT,Count,WB_GS,Gender Statistics,0,Units,A,Normal value,PU,Public,25.0,25.0,25.0,25.0,25.0,25.0,25.0,25.0,25.0,25.0,25.0,25.0,25.0,25.0,25.0,25.0,25.0,25.0,25.0,25.0,25.0,25.0,25.0,25.0,25.0,25.0,25.0,25.0,25.0,25.0,25.0,25.0,25.0,25.0,25.0,25.0,25.0,25.0,25.0,25.0,25.0,25.0,25.0,25.0,25.0,25.0,25.0,25.0,25.0,25.0,25.0,25.0,25.0,25.0
A,Annual,SLE,Sierra Leone,WB_GS_SG_LAW_INDX_WP,"Women, Business and the Law: Workplace Indicator Score (scale 1-100)",COUNT,Count,WB_GS,Gender Statistics,0,Units,A,Normal value,PU,Public,0.0,0.0,0.0,0.0,0.0,0.0,0.0,0.0,0.0,0.0,0.0,0.0,0.0,0.0,0.0,0.0,0.0,0.0,0.0,0.0,0.0,0.0,0.0,0.0,0.0,0.0,0.0,0.0,0.0,0.0,0.0,0.0,0.0,0.0,0.0,0.0,0.0,0.0,0.0,25.0,25.0,25.0,25.0,25.0,25.0,25.0,25.0,25.0,25.0,25.0,75.0,75.0,75.0,100.0
A,Annual,SLV,El Salvador,WB_GS_SG_LAW_INDX_WP,"Women, Business and the Law: Workplace Indicator Score (scale 1-100)",COUNT,Count,WB_GS,Gender Statistics,0,Units,A,Normal value,PU,Public,25.0,25.0,25.0,25.0,25.0,25.0,25.0,25.0,25.0,25.0,25.0,25.0,25.0,25.0,25.0,25.0,25.0,25.0,25.0,25.0,25.0,25.0,25.0,25.0,50.0,50.0,50.0,100.0,100.0,100.0,100.0,100.0,100.0,100.0,100.0,100.0,100.0,100.0,100.0,100.0,100.0,100.0,100.0,100.0,100.0,100.0,100.0,100.0,100.0,100.0,100.0,100.0,100.0,100.0
A,Annual,SMR,San Marino,WB_GS_SG_LAW_INDX_WP,"Women, Business and the Law: Workplace Indicator Score (scale 1-100)",COUNT,Count,WB_GS,Gender Statistics,0,Units,A,Normal value,PU,Public,0.0,0.0,0.0,0.0,0.0,0.0,0.0,0.0,0.0,0.0,0.0,25.0,25.0,25.0,25.0,25.0,50.0,50.0,50.0,50.0,50.0,50.0,50.0,50.0,50.0,50.0,50.0,50.0,50.0,50.0,50.0,50.0,50.0,50.0,50.0,50.0,50.0,50.0,50.0,50.0,50.0,50.0,50.0,50.0,50.0,50.0,50.0,50.0,50.0,50.0,50.0,50.0,50.0,50.0
A,Annual,SOM,Somalia,WB_GS_SG_LAW_INDX_WP,"Women, Business and the Law: Workplace Indicator Score (scale 1-100)",COUNT,Count,WB_GS,Gender Statistics,0,Units,A,Normal value,PU,Public,25.0,25.0,25.0,50.0,50.0,50.0,50.0,50.0,50.0,50.0,50.0,50.0,50.0,50.0,50.0,50.0,50.0,50.0,50.0,50.0,50.0,50.0,50.0,50.0,50.0,50.0,50.0,50.0,50.0,50.0,50.0,50.0,50.0,50.0,50.0,50.0,50.0,50.0,50.0,50.0,50.0,50.0,50.0,50.0,50.0,50.0,50.0,50.0,50.0,50.0,50.0,50.0,50.0,50.0
A,Annual,SRB,Serbia,WB_GS_SG_LAW_INDX_WP,"Women, Business and the Law: Workplace Indicator Score (scale 1-100)",COUNT,Count,WB_GS,Gender Statistics,0,Units,A,Normal value,PU,Public,25.0,25.0,25.0,25.0,25.0,25.0,25.0,25.0,25.0,25.0,25.0,25.0,25.0,25.0,25.0,25.0,25.0,25.0,25.0,25.0,25.0,25.0,25.0,25.0,25.0,25.0,25.0,25.0,25.0,25.0,25.0,25.0,50.0,50.0,50.0,100.0,100.0,100.0,100.0,100.0,100.0,100.0,100.0,100.0,100.0,100.0,100.0,100.0,100.0,100.0,100.0,100.0,100.0,100.0
A,Annual,SSD,South Sudan,WB_GS_SG_LAW_INDX_WP,"Women, Business and the Law: Workplace Indicator Score (scale 1-100)",COUNT,Count,WB_GS,Gender Statistics,0,Units,A,Normal value,PU,Public,25.0,25.0,25.0,25.0,25.0,25.0,25.0,25.0,25.0,25.0,25.0,25.0,25.0,25.0,25.0,25.0,25.0,25.0,25.0,25.0,25.0,25.0,25.0,25.0,25.0,25.0,25.0,25.0,25.0,25.0,25.0,25.0,25.0,25.0,25.0,25.0,25.0,25.0,25.0,75.0,75.0,75.0,75.0,75.0,75.0,75.0,75.0,75.0,100.0,100.0,100.0,100.0,100.0,100.0
A,Annual,SSF,Sub-Saharan Africa,WB_GS_SG_LAW_INDX_WP,"Women, Business and the Law: Workplace Indicator Score (scale 1-100)",COUNT,Count,WB_GS,Gender Statistics,0,Units,A,Normal value,PU,Public,11.4583333333333,11.4583333333333,11.4583333333333,13.0208333333333,13.0208333333333,13.0208333333333,13.0208333333333,13.0208333333333,13.5416666666667,13.5416666666667,13.5416666666667,14.0625,14.5833333333333,15.1041666666667,15.625,16.1458333333333,16.6666666666667,16.6666666666667,17.1875,17.1875,18.2291666666667,18.2291666666667,18.2291666666667,22.3958333333333,23.4375,25.0,25.5208333333333,26.5625,28.6458333333333,32.2916666666667,33.3333333333333,34.375,34.8958333333333,35.9375,39.5833333333333,43.2291666666667,45.8333333333333,51.5625,55.2083333333333,59.8958333333333,59.8958333333333,60.4166666666667,61.9791666666667,66.1458333333333,68.2291666666667,68.2291666666667,71.3541666666667,75.5208333333333,76.5625,77.0833333333333,78.6458333333333,80.2083333333333,81.25,82.8125
A,Annual,STP,Sao Tome and Principe,WB_GS_SG_LAW_INDX_WP,"Women, Business and the Law: Workplace Indicator Score (scale 1-100)",COUNT,Count,WB_GS,Gender Statistics,0,Units,A,Normal value,PU,Public,0.0,0.0,0.0,0.0,0.0,0.0,0.0,0.0,25.0,25.0,25.0,25.0,25.0,25.0,25.0,25.0,25.0,25.0,25.0,25.0,25.0,25.0,25.0,50.0,50.0,50.0,50.0,50.0,50.0,50.0,50.0,50.0,50.0,50.0,50.0,50.0,50.0,50.0,50.0,50.0,50.0,50.0,50.0,100.0,100.0,100.0,100.0,100.0,100.0,100.0,100.0,100.0,100.0,100.0
A,Annual,SUR,Suriname,WB_GS_SG_LAW_INDX_WP,"Women, Business and the Law: Workplace Indicator Score (scale 1-100)",COUNT,Count,WB_GS,Gender Statistics,0,Units,A,Normal value,PU,Public,0.0,0.0,0.0,0.0,0.0,0.0,0.0,0.0,0.0,0.0,0.0,25.0,25.0,25.0,25.0,25.0,25.0,25.0,25.0,25.0,25.0,25.0,25.0,25.0,25.0,25.0,25.0,25.0,25.0,25.0,25.0,25.0,25.0,25.0,25.0,25.0,25.0,25.0,25.0,25.0,25.0,25.0,25.0,25.0,25.0,25.0,25.0,25.0,25.0,50.0,50.0,50.0,50.0,100.0
A,Annual,SVK,Slovak Republic,WB_GS_SG_LAW_INDX_WP,"Women, Business and the Law: Workplace Indicator Score (scale 1-100)",COUNT,Count,WB_GS,Gender Statistics,0,Units,A,Normal value,PU,Public,25.0,25.0,25.0,25.0,25.0,25.0,25.0,25.0,25.0,25.0,25.0,25.0,25.0,25.0,25.0,25.0,25.0,25.0,25.0,25.0,25.0,25.0,25.0,25.0,25.0,25.0,25.0,25.0,25.0,25.0,25.0,25.0,50.0,50.0,50.0,50.0,50.0,50.0,100.0,100.0,100.0,100.0,100.0,100.0,100.0,100.0,100.0,100.0,100.0,100.0,100.0,100.0,100.0,100.0
A,Annual,SVN,Slovenia,WB_GS_SG_LAW_INDX_WP,"Women, Business and the Law: Workplace Indicator Score (scale 1-100)",COUNT,Count,WB_GS,Gender Statistics,0,Units,A,Normal value,PU,Public,25.0,25.0,25.0,25.0,25.0,25.0,25.0,25.0,25.0,25.0,25.0,25.0,25.0,25.0,25.0,25.0,25.0,25.0,25.0,25.0,25.0,25.0,25.0,25.0,25.0,25.0,25.0,25.0,25.0,25.0,25.0,25.0,100.0,100.0,100.0,100.0,100.0,100.0,100.0,100.0,100.0,100.0,100.0,100.0,100.0,100.0,100.0,100.0,100.0,100.0,100.0,100.0,100.0,100.0
A,Annual,SWE,Sweden,WB_GS_SG_LAW_INDX_WP,"Women, Business and the Law: Workplace Indicator Score (scale 1-100)",COUNT,Count,WB_GS,Gender Statistics,0,Units,A,Normal value,PU,Public,25.0,25.0,25.0,25.0,25.0,25.0,25.0,25.0,25.0,25.0,50.0,50.0,50.0,50.0,50.0,50.0,50.0,50.0,50.0,50.0,50.0,50.0,50.0,50.0,50.0,50.0,50.0,50.0,50.0,50.0,50.0,50.0,50.0,50.0,50.0,50.0,100.0,100.0,100.0,100.0,100.0,100.0,100.0,100.0,100.0,100.0,100.0,100.0,100.0,100.0,100.0,100.0,100.0,100.0
A,Annual,SWZ,Eswatini,WB_GS_SG_LAW_INDX_WP,"Women, Business and the Law: Workplace Indicator Score (scale 1-100)",COUNT,Count,WB_GS,Gender Statistics,0,Units,A,Normal value,PU,Public,0.0,0.0,0.0,0.0,0.0,0.0,0.0,0.0,0.0,0.0,0.0,25.0,25.0,25.0,25.0,25.0,25.0,25.0,25.0,25.0,25.0,25.0,25.0,25.0,25.0,25.0,25.0,25.0,25.0,25.0,25.0,25.0,25.0,25.0,25.0,25.0,25.0,25.0,25.0,25.0,25.0,25.0,25.0,25.0,25.0,25.0,25.0,25.0,25.0,25.0,25.0,25.0,25.0,25.0
A,Annual,SYC,Seychelles,WB_GS_SG_LAW_INDX_WP,"Women, Business and the Law: Workplace Indicator Score (scale 1-100)",COUNT,Count,WB_GS,Gender Statistics,0,Units,A,Normal value,PU,Public,25.0,25.0,25.0,25.0,25.0,25.0,25.0,25.0,25.0,25.0,25.0,25.0,25.0,25.0,25.0,25.0,25.0,25.0,25.0,25.0,25.0,25.0,25.0,25.0,25.0,50.0,50.0,50.0,50.0,50.0,50.0,50.0,50.0,50.0,50.0,50.0,50.0,50.0,50.0,50.0,50.0,50.0,50.0,50.0,50.0,50.0,50.0,50.0,50.0,50.0,50.0,50.0,50.0,50.0
A,Annual,SYR,Syrian Arab Republic,WB_GS_SG_LAW_INDX_WP,"Women, Business and the Law: Workplace Indicator Score (scale 1-100)",COUNT,Count,WB_GS,Gender Statistics,0,Units,A,Normal value,PU,Public,0.0,0.0,0.0,0.0,0.0,0.0,0.0,0.0,0.0,0.0,0.0,0.0,0.0,0.0,0.0,0.0,0.0,0.0,0.0,0.0,0.0,0.0,0.0,0.0,0.0,0.0,0.0,0.0,0.0,0.0,0.0,0.0,0.0,0.0,0.0,0.0,0.0,0.0,0.0,0.0,25.0,25.0,25.0,25.0,25.0,25.0,25.0,25.0,25.0,25.0,25.0,25.0,25.0,25.0
A,Annual,TCD,Chad,WB_GS_SG_LAW_INDX_WP,"Women, Business and the Law: Workplace Indicator Score (scale 1-100)",COUNT,Count,WB_GS,Gender Statistics,0,Units,A,Normal value,PU,Public,0.0,0.0,0.0,0.0,0.0,0.0,0.0,0.0,0.0,0.0,0.0,0.0,0.0,0.0,0.0,0.0,0.0,0.0,0.0,0.0,0.0,0.0,0.0,0.0,0.0,0.0,0.0,25.0,25.0,25.0,25.0,25.0,25.0,25.0,25.0,25.0,25.0,25.0,25.0,25.0,25.0,25.0,25.0,25.0,25.0,25.0,25.0,75.0,75.0,75.0,75.0,75.0,75.0,75.0
A,Annual,TGO,Togo,WB_GS_SG_LAW_INDX_WP,"Women, Business and the Law: Workplace Indicator Score (scale 1-100)",COUNT,Count,WB_GS,Gender Statistics,0,Units,A,Normal value,PU,Public,0.0,0.0,0.0,0.0,0.0,0.0,0.0,0.0,0.0,0.0,0.0,0.0,0.0,0.0,0.0,0.0,0.0,0.0,0.0,0.0,0.0,0.0,0.0,0.0,0.0,0.0,0.0,0.0,0.0,0.0,0.0,0.0,0.0,0.0,0.0,0.0,0.0,75.0,75.0,75.0,75.0,75.0,75.0,100.0,100.0,100.0,100.0,100.0,100.0,100.0,100.0,100.0,100.0,100.0
A,Annual,THA,Thailand,WB_GS_SG_LAW_INDX_WP,"Women, Business and the Law: Workplace Indicator Score (scale 1-100)",COUNT,Count,WB_GS,Gender Statistics,0,Units,A,Normal value,PU,Public,25.0,25.0,25.0,25.0,25.0,25.0,25.0,25.0,25.0,25.0,25.0,25.0,25.0,25.0,25.0,25.0,25.0,25.0,25.0,25.0,25.0,25.0,25.0,25.0,25.0,25.0,25.0,25.0,50.0,50.0,50.0,50.0,50.0,50.0,50.0,50.0,50.0,50.0,100.0,100.0,100.0,100.0,100.0,100.0,100.0,100.0,100.0,100.0,100.0,100.0,100.0,100.0,100.0,100.0
A,Annual,TJK,Tajikistan,WB_GS_SG_LAW_INDX_WP,"Women, Business and the Law: Workplace Indicator Score (scale 1-100)",COUNT,Count,WB_GS,Gender Statistics,0,Units,A,Normal value,PU,Public,25.0,25.0,25.0,25.0,25.0,25.0,25.0,25.0,25.0,25.0,25.0,25.0,25.0,25.0,25.0,25.0,25.0,25.0,25.0,25.0,25.0,25.0,25.0,25.0,25.0,25.0,25.0,50.0,50.0,50.0,50.0,50.0,50.0,50.0,50.0,50.0,50.0,50.0,50.0,50.0,50.0,50.0,50.0,50.0,50.0,50.0,50.0,50.0,50.0,50.0,50.0,50.0,50.0,50.0
A,Annual,TLS,Timor-Leste,WB_GS_SG_LAW_INDX_WP,"Women, Business and the Law: Workplace Indicator Score (scale 1-100)",COUNT,Count,WB_GS,Gender Statistics,0,Units,A,Normal value,PU,Public,0.0,0.0,0.0,0.0,0.0,0.0,0.0,0.0,0.0,0.0,0.0,0.0,0.0,0.0,0.0,0.0,0.0,0.0,0.0,0.0,0.0,0.0,0.0,0.0,0.0,0.0,0.0,0.0,0.0,0.0,0.0,0.0,75.0,75.0,75.0,75.0,75.0,75.0,75.0,75.0,75.0,75.0,75.0,75.0,75.0,75.0,75.0,75.0,75.0,75.0,75.0,75.0,75.0,75.0
A,Annual,TON,Tonga,WB_GS_SG_LAW_INDX_WP,"Women, Business and the Law: Workplace Indicator Score (scale 1-100)",COUNT,Count,WB_GS,Gender Statistics,0,Units,A,Normal value,PU,Public,25.0,25.0,25.0,25.0,25.0,25.0,25.0,25.0,25.0,25.0,25.0,25.0,25.0,25.0,25.0,25.0,25.0,25.0,25.0,25.0,25.0,25.0,25.0,25.0,25.0,25.0,25.0,25.0,25.0,25.0,25.0,25.0,25.0,25.0,25.0,25.0,25.0,25.0,25.0,25.0,25.0,25.0,25.0,25.0,25.0,25.0,25.0,25.0,25.0,25.0,25.0,25.0,25.0,25.0
A,Annual,TTO,Trinidad and Tobago,WB_GS_SG_LAW_INDX_WP,"Women, Business and the Law: Workplace Indicator Score (scale 1-100)",COUNT,Count,WB_GS,Gender Statistics,0,Units,A,Normal value,PU,Public,25.0,25.0,25.0,25.0,25.0,25.0,25.0,25.0,25.0,25.0,25.0,25.0,25.0,25.0,25.0,25.0,25.0,25.0,25.0,25.0,25.0,25.0,25.0,25.0,25.0,25.0,25.0,25.0,25.0,25.0,25.0,50.0,50.0,50.0,50.0,50.0,50.0,50.0,50.0,50.0,50.0,50.0,50.0,50.0,50.0,50.0,50.0,50.0,50.0,50.0,50.0,50.0,50.0,50.0
A,Annual,TUN,Tunisia,WB_GS_SG_LAW_INDX_WP,"Women, Business and the Law: Workplace Indicator Score (scale 1-100)",COUNT,Count,WB_GS,Gender Statistics,0,Units,A,Normal value,PU,Public,25.0,25.0,25.0,25.0,25.0,25.0,25.0,25.0,25.0,25.0,25.0,25.0,25.0,25.0,25.0,25.0,25.0,25.0,25.0,25.0,25.0,25.0,25.0,25.0,25.0,25.0,25.0,25.0,25.0,25.0,25.0,25.0,25.0,25.0,25.0,25.0,25.0,25.0,25.0,25.0,25.0,25.0,25.0,25.0,25.0,25.0,25.0,25.0,75.0,75.0,75.0,75.0,75.0,75.0
A,Annual,TUR,Turkiye,WB_GS_SG_LAW_INDX_WP,"Women, Business and the Law: Workplace Indicator Score (scale 1-100)",COUNT,Count,WB_GS,Gender Statistics,0,Units,A,Normal value,PU,Public,0.0,0.0,0.0,0.0,0.0,0.0,0.0,0.0,0.0,0.0,0.0,0.0,0.0,0.0,0.0,0.0,0.0,0.0,0.0,0.0,0.0,25.0,25.0,25.0,25.0,25.0,25.0,25.0,25.0,25.0,25.0,25.0,25.0,50.0,50.0,100.0,100.0,100.0,100.0,100.0,100.0,100.0,100.0,100.0,100.0,100.0,100.0,100.0,100.0,100.0,100.0,100.0,100.0,100.0
A,Annual,TZA,Tanzania,WB_GS_SG_LAW_INDX_WP,"Women, Business and the Law: Workplace Indicator Score (scale 1-100)",COUNT,Count,WB_GS,Gender Statistics,0,Units,A,Normal value,PU,Public,25.0,25.0,25.0,25.0,25.0,25.0,25.0,25.0,25.0,25.0,25.0,25.0,25.0,25.0,25.0,25.0,25.0,25.0,25.0,25.0,25.0,25.0,25.0,25.0,25.0,25.0,25.0,25.0,75.0,75.0,75.0,75.0,75.0,75.0,75.0,100.0,100.0,100.0,100.0,100.0,100.0,100.0,100.0,100.0,100.0,100.0,100.0,100.0,100.0,100.0,100.0,100.0,100.0,100.0
A,Annual,UGA,Uganda,WB_GS_SG_LAW_INDX_WP,"Women, Business and the Law: Workplace Indicator Score (scale 1-100)",COUNT,Count,WB_GS,Gender Statistics,0,Units,A,Normal value,PU,Public,25.0,25.0,25.0,25.0,25.0,25.0,25.0,25.0,25.0,25.0,25.0,25.0,25.0,25.0,25.0,25.0,25.0,25.0,25.0,25.0,25.0,25.0,25.0,25.0,25.0,25.0,25.0,25.0,25.0,25.0,25.0,25.0,25.0,25.0,25.0,25.0,100.0,100.0,100.0,100.0,100.0,100.0,100.0,100.0,100.0,100.0,100.0,100.0,100.0,100.0,100.0,100.0,100.0,100.0
A,Annual,UKR,Ukraine,WB_GS_SG_LAW_INDX_WP,"Women, Business and the Law: Workplace Indicator Score (scale 1-100)",COUNT,Count,WB_GS,Gender Statistics,0,Units,A,Normal value,PU,Public,25.0,25.0,25.0,25.0,25.0,25.0,25.0,25.0,25.0,25.0,25.0,25.0,25.0,25.0,25.0,25.0,25.0,25.0,25.0,25.0,25.0,50.0,50.0,50.0,50.0,50.0,50.0,50.0,50.0,50.0,50.0,50.0,50.0,50.0,50.0,50.0,100.0,100.0,100.0,100.0,100.0,100.0,100.0,100.0,100.0,100.0,100.0,100.0,100.0,100.0,100.0,100.0,100.0,100.0
A,Annual,UMC,Upper middle income,WB_GS_SG_LAW_INDX_WP,"Women, Business and the Law: Workplace Indicator Score (scale 1-100)",COUNT,Count,WB_GS,Gender Statistics,0,Units,A,Normal value,PU,Public,17.156862745098,17.6470588235294,19.1176470588235,20.0980392156863,20.5882352941176,21.078431372549,21.5686274509804,21.5686274509804,21.5686274509804,22.0588235294118,22.0588235294118,22.5490196078431,22.5490196078431,22.5490196078431,22.5490196078431,23.0392156862745,23.5294117647059,24.0196078431373,24.5098039215686,24.5098039215686,25.4901960784314,26.9607843137255,27.9411764705882,27.9411764705882,29.9019607843137,31.8627450980392,33.8235294117647,36.7647058823529,38.2352941176471,42.156862745098,46.078431372549,47.0588235294118,49.0196078431373,52.4509803921569,54.4117647058824,57.3529411764706,59.8039215686275,60.7843137254902,64.2156862745098,65.6862745098039,66.6666666666667,66.1764705882353,68.6274509803922,69.6078431372549,71.078431372549,71.078431372549,72.0588235294118,73.0392156862745,73.0392156862745,74.0196078431373,74.5098039215686,75.0,75.9803921568627,79.9019607843137
A,Annual,URY,Uruguay,WB_GS_SG_LAW_INDX_WP,"Women, Business and the Law: Workplace Indicator Score (scale 1-100)",COUNT,Count,WB_GS,Gender Statistics,0,Units,A,Normal value,PU,Public,25.0,25.0,25.0,25.0,25.0,25.0,25.0,25.0,25.0,25.0,25.0,25.0,25.0,25.0,25.0,25.0,25.0,25.0,25.0,25.0,50.0,50.0,50.0,50.0,50.0,50.0,50.0,50.0,50.0,50.0,50.0,50.0,50.0,50.0,50.0,50.0,50.0,50.0,50.0,50.0,100.0,100.0,100.0,100.0,100.0,100.0,100.0,100.0,100.0,100.0,100.0,100.0,100.0,100.0
A,Annual,USA,United States,WB_GS_SG_LAW_INDX_WP,"Women, Business and the Law: Workplace Indicator Score (scale 1-100)",COUNT,Count,WB_GS,Gender Statistics,0,Units,A,Normal value,PU,Public,50.0,50.0,50.0,50.0,50.0,50.0,50.0,50.0,50.0,50.0,50.0,100.0,100.0,100.0,100.0,100.0,100.0,100.0,100.0,100.0,100.0,100.0,100.0,100.0,100.0,100.0,100.0,100.0,100.0,100.0,100.0,100.0,100.0,100.0,100.0,100.0,100.0,100.0,100.0,100.0,100.0,100.0,100.0,100.0,100.0,100.0,100.0,100.0,100.0,100.0,100.0,100.0,100.0,100.0
A,Annual,UZB,Uzbekistan,WB_GS_SG_LAW_INDX_WP,"Women, Business and the Law: Workplace Indicator Score (scale 1-100)",COUNT,Count,WB_GS,Gender Statistics,0,Units,A,Normal value,PU,Public,25.0,25.0,25.0,25.0,25.0,25.0,25.0,25.0,25.0,25.0,25.0,25.0,25.0,25.0,25.0,25.0,25.0,25.0,25.0,25.0,25.0,25.0,25.0,25.0,25.0,25.0,50.0,50.0,50.0,50.0,50.0,50.0,50.0,50.0,50.0,50.0,50.0,50.0,50.0,50.0,50.0,50.0,50.0,50.0,50.0,50.0,50.0,50.0,50.0,50.0,50.0,50.0,50.0,50.0
A,Annual,VCT,St. Vincent and the Grenadines,WB_GS_SG_LAW_INDX_WP,"Women, Business and the Law: Workplace Indicator Score (scale 1-100)",COUNT,Count,WB_GS,Gender Statistics,0,Units,A,Normal value,PU,Public,25.0,25.0,25.0,25.0,25.0,25.0,25.0,25.0,25.0,25.0,25.0,25.0,25.0,25.0,25.0,25.0,25.0,25.0,25.0,25.0,25.0,25.0,25.0,25.0,25.0,25.0,25.0,25.0,25.0,25.0,25.0,25.0,25.0,25.0,25.0,25.0,25.0,25.0,25.0,25.0,25.0,25.0,25.0,25.0,25.0,25.0,25.0,25.0,25.0,25.0,25.0,25.0,25.0,25.0
A,Annual,VEN,"Venezuela, RB",WB_GS_SG_LAW_INDX_WP,"Women, Business and the Law: Workplace Indicator Score (scale 1-100)",COUNT,Count,WB_GS,Gender Statistics,0,Units,A,Normal value,PU,Public,25.0,25.0,25.0,25.0,25.0,25.0,25.0,25.0,25.0,25.0,25.0,25.0,25.0,25.0,25.0,25.0,25.0,25.0,25.0,25.0,25.0,50.0,50.0,50.0,50.0,50.0,50.0,50.0,50.0,50.0,50.0,50.0,50.0,50.0,50.0,50.0,50.0,100.0,100.0,100.0,100.0,100.0,100.0,100.0,100.0,100.0,100.0,100.0,100.0,100.0,100.0,100.0,100.0,100.0
A,Annual,VNM,Viet Nam,WB_GS_SG_LAW_INDX_WP,"Women, Business and the Law: Workplace Indicator Score (scale 1-100)",COUNT,Count,WB_GS,Gender Statistics,0,Units,A,Normal value,PU,Public,25.0,25.0,25.0,25.0,25.0,25.0,25.0,25.0,25.0,25.0,25.0,25.0,25.0,25.0,25.0,25.0,25.0,25.0,25.0,25.0,25.0,25.0,25.0,25.0,25.0,50.0,50.0,50.0,50.0,50.0,50.0,50.0,50.0,50.0,50.0,50.0,50.0,50.0,50.0,50.0,50.0,50.0,50.0,100.0,100.0,100.0,100.0,100.0,100.0,100.0,100.0,100.0,100.0,100.0
A,Annual,VUT,Vanuatu,WB_GS_SG_LAW_INDX_WP,"Women, Business and the Law: Workplace Indicator Score (scale 1-100)",COUNT,Count,WB_GS,Gender Statistics,0,Units,A,Normal value,PU,Public,25.0,25.0,25.0,25.0,25.0,25.0,25.0,25.0,25.0,25.0,25.0,25.0,25.0,25.0,25.0,25.0,25.0,25.0,25.0,25.0,25.0,25.0,25.0,25.0,25.0,25.0,25.0,25.0,25.0,25.0,25.0,25.0,25.0,25.0,25.0,25.0,25.0,25.0,25.0,25.0,25.0,25.0,25.0,25.0,25.0,25.0,25.0,25.0,25.0,25.0,25.0,25.0,25.0,25.0
A,Annual,WLD,World,WB_GS_SG_LAW_INDX_WP,"Women, Business and the Law: Workplace Indicator Score (scale 1-100)",COUNT,Count,WB_GS,Gender Statistics,0,Units,A,Normal value,PU,Public,17.5,17.6315789473684,18.1578947368421,19.0789473684211,19.2105263157895,19.4736842105263,19.8684210526316,20.2631578947368,20.9210526315789,21.4473684210526,21.8421052631579,22.6315789473684,22.8947368421053,23.2894736842105,23.9473684210526,24.4736842105263,24.8684210526316,25.3947368421053,26.3157894736842,26.4473684210526,27.2368421052632,28.0263157894737,28.5526315789474,30.1315789473684,30.9210526315789,33.0263157894737,34.8684210526316,36.9736842105263,38.9473684210526,41.3157894736842,43.6842105263158,44.4736842105263,47.1052631578947,49.8684210526316,53.1578947368421,55.9210526315789,58.2894736842105,61.7105263157895,63.9473684210526,66.0526315789474,67.2368421052632,67.6315789473684,68.5526315789474,70.9210526315789,72.2368421052632,72.8947368421053,74.4736842105263,75.6578947368421,76.8421052631579,78.2894736842105,79.0789473684211,80.1315789473684,80.5263157894737,82.1052631578947
A,Annual,WSM,Samoa,WB_GS_SG_LAW_INDX_WP,"Women, Business and the Law: Workplace Indicator Score (scale 1-100)",COUNT,Count,WB_GS,Gender Statistics,0,Units,A,Normal value,PU,Public,25.0,25.0,25.0,25.0,25.0,25.0,25.0,25.0,25.0,25.0,25.0,25.0,25.0,25.0,25.0,25.0,25.0,25.0,25.0,25.0,25.0,25.0,25.0,25.0,25.0,25.0,25.0,25.0,25.0,25.0,25.0,25.0,25.0,25.0,25.0,25.0,25.0,25.0,25.0,25.0,25.0,25.0,25.0,100.0,100.0,100.0,100.0,100.0,100.0,100.0,100.0,100.0,100.0,100.0
A,Annual,XKX,Kosovo,WB_GS_SG_LAW_INDX_WP,"Women, Business and the Law: Workplace Indicator Score (scale 1-100)",COUNT,Count,WB_GS,Gender Statistics,0,Units,A,Normal value,PU,Public,25.0,25.0,25.0,25.0,25.0,25.0,25.0,25.0,25.0,25.0,25.0,25.0,25.0,25.0,25.0,25.0,25.0,25.0,25.0,25.0,25.0,25.0,25.0,25.0,25.0,25.0,25.0,25.0,25.0,25.0,25.0,25.0,100.0,100.0,100.0,100.0,100.0,100.0,100.0,100.0,100.0,100.0,100.0,100.0,100.0,100.0,100.0,100.0,100.0,100.0,100.0,100.0,100.0,100.0
A,Annual,YEM,"Yemen, Rep.",WB_GS_SG_LAW_INDX_WP,"Women, Business and the Law: Workplace Indicator Score (scale 1-100)",COUNT,Count,WB_GS,Gender Statistics,0,Units,A,Normal value,PU,Public,0.0,0.0,0.0,0.0,0.0,0.0,0.0,0.0,0.0,0.0,0.0,0.0,0.0,0.0,0.0,0.0,0.0,0.0,0.0,0.0,0.0,0.0,0.0,0.0,0.0,25.0,25.0,25.0,25.0,25.0,25.0,25.0,25.0,25.0,25.0,25.0,25.0,25.0,25.0,25.0,25.0,25.0,25.0,25.0,25.0,25.0,25.0,25.0,25.0,25.0,25.0,25.0,25.0,25.0
A,Annual,ZAF,South Africa,WB_GS_SG_LAW_INDX_WP,"Women, Business and the Law: Workplace Indicator Score (scale 1-100)",COUNT,Count,WB_GS,Gender Statistics,0,Units,A,Normal value,PU,Public,0.0,0.0,0.0,0.0,0.0,0.0,0.0,0.0,0.0,0.0,0.0,0.0,0.0,0.0,0.0,0.0,0.0,0.0,0.0,0.0,0.0,0.0,0.0,0.0,25.0,25.0,25.0,25.0,25.0,50.0,50.0,50.0,50.0,50.0,50.0,50.0,50.0,50.0,50.0,50.0,50.0,50.0,75.0,75.0,100.0,100.0,100.0,100.0,100.0,100.0,100.0,100.0,100.0,100.0
A,Annual,ZMB,Zambia,WB_GS_SG_LAW_INDX_WP,"Women, Business and the Law: Workplace Indicator Score (scale 1-100)",COUNT,Count,WB_GS,Gender Statistics,0,Units,A,Normal value,PU,Public,25.0,25.0,25.0,25.0,25.0,25.0,25.0,25.0,25.0,25.0,25.0,25.0,25.0,25.0,25.0,25.0,25.0,25.0,25.0,25.0,25.0,25.0,25.0,50.0,50.0,50.0,50.0,50.0,50.0,50.0,50.0,50.0,50.0,50.0,50.0,50.0,50.0,50.0,50.0,50.0,50.0,50.0,50.0,50.0,50.0,50.0,100.0,100.0,100.0,100.0,100.0,100.0,100.0,100.0
A,Annual,ZWE,Zimbabwe,WB_GS_SG_LAW_INDX_WP,"Women, Business and the Law: Workplace Indicator Score (scale 1-100)",COUNT,Count,WB_GS,Gender Statistics,0,Units,A,Normal value,PU,Public,0.0,0.0,0.0,0.0,0.0,0.0,0.0,0.0,0.0,0.0,0.0,0.0,0.0,25.0,25.0,25.0,25.0,25.0,25.0,25.0,25.0,25.0,25.0,25.0,25.0,25.0,25.0,25.0,25.0,25.0,25.0,25.0,25.0,50.0,50.0,50.0,100.0,100.0,100.0,100.0,100.0,100.0,100.0,100.0,100.0,100.0,100.0,100.0,100.0,100.0,100.0,100.0,100.0,100.0
